category,sub_category,date_str,title,summary,checkpoints,link,pubDate,collected_at
보상·노사관계,노사관계,[10/10],경기 버스 노사 임협 평행선… 월말 총파업 우려 커져,"• 경기지역 버스 노사가 '2026년 서울 버스 동일임금' 이행 및 임금 인상안을 두고 이견을 좁히지 못해 이달 말 총파업 가능성이 제기됨.
• 경기도의 재정난으로 인해 과거와 같은 지자체의 적극적인 중재나 예산 지원이 불투명해지면서 노사 간 갈등이 심화되고 있음.","[""임금 협약 및 단체협약상 단계적 임금 인상 약속 이행 여부와 재정 상황에 따른 노사 합의 리스크 점검"", ""준공영제 도입 등 외부 정책 변화가 임금 체계 및 휴무 제도에 미치는 영향 분석 및 대응 방안 검토""]",https://www.jasm.co.kr/news/articleView.html?idxno=320936,"Sat, 10 Oct 2026 06:30:00 +0900",2026-10-10T11:33:20.416568+09:00
HR 제도·조직운영,평가·인사제도,[10/10],"""저 친구 퇴사할거 같은데요""…AI가 먼저 알려준다 [임다연의 요즘 CEO 경영법]","• HR 솔루션 기업 HCG가 초과근무 증가, 연차 사용률 하락 등 데이터를 분석해 인력 이탈 및 번아웃 징후를 조기에 포착하는 AI 기능을 자사 솔루션 '제이드 4.0'에 탑재함.
• 동료 간 기여를 인정하고 보상하는 '인정 크레딧' 제도를 통해 협업 문화를 강화하고, 해당 피드백 데이터를 직원 포상 및 인사 평가에 활용하는 사례가 증가함.","[""현재 우리 회사의 근태 및 인사 데이터가 조직 내 위험 신호(퇴사율, 초과근무 등)를 분석할 수 있는 형태로 통합 관리되고 있는지 점검"", ""상사 평가 외에 동료 간 협업과 기여를 객관적으로 측정하고 보상에 반영할 수 있는 피드백 시스템 도입 여부 검토""]",https://www.hankyung.com/article/202610081389i,"Sat, 10 Oct 2026 06:01:00 +0900",2026-10-10T11:33:20.416568+09:00
HR 제도·조직운영,조직·근무제도,[10/10],"AIA생명, 유연근무·육아 지원 등 조직문화 개선","• AIA생명은 시차출퇴근제, 주 1회 재택근무, PC-OFF 제도 및 월별 조기퇴근제(금요일)를 도입하여 유연한 근무 환경을 조성함.
• 임신기 근로시간 단축(급여 차감 없음), 배우자 출산휴가(20일) 및 난임휴가(6일) 확대 등 출산·육아 지원 제도를 강화함.","[""자사 유연근무제 및 조기퇴근제 도입 시 근로기준법상 근로시간 관리 및 PC-OFF 시스템 연동 가능 여부 검토"", ""법정 휴가 외 기업 차원의 출산·육아 지원 확대 시 취업규칙 개정 및 관련 수당 지급 규정 정비 필요성 확인""]",https://www.industrynews.co.kr/news/articleView.html?idxno=87241,"Sat, 10 Oct 2026 01:56:00 +0900",2026-10-10T11:33:20.416568+09:00
오늘의 스마일게이트,,[10/09],"게임 IP, 스크린 넘어 확장…게임업계 '트랜스미디어' 전략 본격화","• 스마일게이트는 '크로스파이어' IP를 중국 드라마 '천월화선' 및 아마존 프라임 비디오 애니메이션 '시크릿 레벨'로 확장하며 트랜스미디어 전략을 선도하고 있습니다.
• 게임업계는 신작 의존도를 낮추고 기존 IP의 가치를 극대화하기 위해 영화, 드라마, 애니메이션 등 다양한 미디어로 콘텐츠 영역을 넓히는 추세입니다.","[""기존 IP의 영상 콘텐츠 확장이 실제 게임 이용자 유입 및 리텐션에 미치는 영향 분석"", ""글로벌 시장에서 게임 IP 기반 콘텐츠가 브랜드 인지도 제고에 기여하는 성과 측정""]",https://sports.hankooki.com/news/articleView.html?idxno=6941331,"Fri, 09 Oct 2026 19:30:00 +0900",2026-10-10T11:33:20.416568+09:00
보상·노사관계,보상·임금,[10/09],업적급이 뭐길래…연봉 올랐는데 월급 덜 들어왔다고?,"• 대한항공의 '업적급' 제도(임금 인상분 일부를 인사평가에 따라 차등 배분)가 적법한 동의 절차를 거쳤는지에 대한 임금청구 소송 1심 판결이 다음 달 예정됨.
• 핵심 쟁점은 제도 도입 당시 근로자에게 불리한 취업규칙 변경에 있어 적법한 과반수 노조의 동의를 얻었는지와 노조 가입 대상이 아닌 직원에 대한 효력 범위임.","[""임금 인상분 일부를 성과급 재원으로 전환하는 제도 도입 시, 근로기준법상 취업규칙 불이익 변경 절차(과반수 노조 또는 근로자 과반수 동의)를 적법하게 준수했는지 점검"", ""제도 적용 대상자 중 노조 가입 대상이 아닌 직원이 포함된 경우, 해당 직원에 대한 별도의 동의 절차나 근거 규정이 마련되어 있는지 확인""]",https://www.hankyung.com/article/2026100928451,"Fri, 09 Oct 2026 18:07:00 +0900",2026-10-10T11:33:20.416568+09:00
보상·노사관계,보상·임금,[10/09],삼전·하닉 성과급 안부럽다…1인당 무려 335억 돈벼락 터진 ‘이 회사’ 어디?,"• 골드만삭스가 2021년 도입한 장기 성과보상 제도에 따라 최고위 임원 약 20명에게 총 5억 달러(약 6,700억 원) 규모의 특별 주식 보상을 지급할 예정임.
• 해당 보상은 주가 목표 달성 여부와 경쟁사 대비 상대 성과를 연계하여 산정되었으며, 핵심 인재 유지 및 장기 성과 창출을 목적으로 설계됨.","[""자사 장기 성과보상(LTI) 제도의 성과 지표가 기업의 장기적 가치 제고와 연계되어 있는지 점검"", ""임원 및 핵심 인재 대상 보상 설계 시 주주 및 이해관계자의 수용성을 고려한 성과 평가 기준 마련 여부 검토""]",https://www.sedaily.com/article/20099928?ref=naver,"Fri, 09 Oct 2026 16:48:00 +0900",2026-10-10T11:33:20.416568+09:00
노동법·정책·판례,판례,[10/09],"광주불교방송 전 사장 면직 무효…법원 ""해임 절차 위반""","• 법원은 사장직무대행의 임명 절차에 하자가 있고, 정관상 요구되는 이사회 결의를 거치지 않았다는 이유로 광주불교방송 전 사장에 대한 면직 처분을 무효라고 판결함.
• 재판부는 임원 해임 시 정관에 명시된 절차와 권한을 엄격히 준수해야 함을 강조했으며, 본 사건에서는 직장 내 괴롭힘 의혹의 사실 여부와 별개로 절차적 위법성을 근거로 무효를 선고함.","[""임원 해임 시 정관 및 관련 규정에 명시된 이사회 결의 등 필수 절차 준수 여부 점검"", ""사장직무대행 등 대리 권한을 행사하는 자의 임명 과정이 정관상 적법한 근거를 갖추었는지 확인""]",https://www.ikbc.co.kr/article/view/kbc202610090035,"Fri, 09 Oct 2026 15:16:00 +0900",2026-10-10T11:33:20.416568+09:00
노동법·정책·판례,판례,[10/09],"대법원, '아리셀 참사' 20일 선고…2심서 징역 15년→4년 감형","• 아리셀 참사 관련 박순관 대표의 1심 징역 15년 판결이 항소심에서 유족 합의 및 비상구 설치 의무 해석 차이 등을 이유로 징역 4년으로 감형됨.
• 대법원이 오는 20일 최종 선고를 앞두고 있는 가운데, 중대재해처벌법상 경영책임자의 안전보건 확보 의무 위반 범위와 양형 기준이 주요 쟁점이 됨.","[""사업장 내 위험물질 취급 작업장의 비상구 설치 및 관리 상태가 산업안전보건법령 기준을 충족하는지 재점검"", ""중대재해 발생 대비 안전보건 확보 의무 매뉴얼 구비 여부 및 유해·위험요인 점검 이행 실태 확인""]",https://www.newsis.com/view/NISX20261009_0003820215,"Fri, 09 Oct 2026 14:22:00 +0900",2026-10-10T11:33:20.416568+09:00
채용·인력운영,채용,[10/09],"트럼프, 빅테크 수장들에 훈장...외국인 인재 채용은 제한","• 트럼프 행정부가 미국 기술 대기업의 외국인 노동자 영주권 취득을 위한 노동인증(PERM) 접수를 중단하며 외국인 인재 채용을 사실상 제한함.
• 미국인 고용 우선 정책의 일환으로, 마이크로소프트 등 대기업의 외국인 채용 제도 악용 사례를 지목하며 글로벌 인재 활용에 제동을 걸고 있음.","[""미국 현지 법인 또는 지사 운영 시 외국인 근로자의 비자 및 영주권 취득 절차 중단에 따른 인력 운영 계획 재검토"", ""미국 내 고숙련 외국인 인력 의존도가 높은 직무에 대한 현지 채용 전환 가능성 및 대체 인력 확보 방안 점검""]",https://www.ytn.co.kr/_ln/0104_202610091321131049,"Fri, 09 Oct 2026 13:21:00 +0900",2026-10-10T11:33:20.416568+09:00
보상·노사관계,노사관계,[10/09],"“삼전닉스식 성과급 달라” 마이크론 대만 노조, 99% 찬성으로 파업 결의","• 마이크론 대만 타오위안 공장 노조가 사측의 특별 보상안에 반발하며 99% 찬성으로 파업권을 확보함.
• 노조는 삼성전자·SK하이닉스 사례와 같이 회사 이익과 연동된 성과급 체계 도입을 요구하고 있음.","[""자사 성과급 산정 기준이 경영 성과와 연동되어 있는지 및 노사 간 사전 합의된 규정인지 점검"", ""성과급 지급 방식에 대한 노조 또는 근로자 측의 요구사항 발생 가능성 및 대응 논리 검토""]",https://www.chosun.com/economy/tech_it/2026/10/09/HL62AIWVXVH33HTDH74H6RYMUY/?utm_source=naver&utm_medium=referral&utm_campaign=naver-news,"Fri, 09 Oct 2026 13:13:00 +0900",2026-10-10T11:33:20.416568+09:00
노동법·정책·판례,노동정책,[10/09],"""응급실 미수용 방지법, 배후진료 여건 확충 선행돼야""","• '응급실 미수용 방지법(응급의료법 개정안)'이 국회 본회의를 통과하여 응급환자 수용 의무가 강화됨.
• 전공의노조는 수용 의무 대비 배후진료 인력 부족 및 현장 의료진의 형사책임 부담 가중을 우려하며, 수용 가능 여부 판단 기준과 책임 주체 명확화를 촉구함.","[""수련병원 등 의료기관 내 배후진료 인력 확충 및 근로시간 보호 대책 마련 여부 점검"", ""의료 현장 수사 및 분쟁 발생 시 소속 의료진을 실질적으로 지원할 수 있는 법적·행정적 대응 체계 검토""]",http://www.ggmedinews.com/news/articleView.html?idxno=6916,"Fri, 09 Oct 2026 10:34:00 +0900",2026-10-10T11:33:20.416568+09:00
채용·인력운영,인력변화,[10/09],"MBK 손 뗐지만…홈플러스, 희망퇴직·매각 난항 '삼중고'","• MBK파트너스가 홈플러스 지분을 전량 무상소각하고 경영진이 교체되는 등 회생 관리체제에 변화가 발생함.
• 매출 부진과 매각 난항 속에서 별도의 위로금 없는 희망퇴직을 추진하며 인력 구조조정을 진행 중임.","[""희망퇴직 시행 시 퇴직금 및 미지급 급여 등 법적 지급 의무 이행 여부 점검"", ""경영 위기 상황에서의 인력 감축 및 구조조정 관련 노사 합의 사항 및 법적 절차 준수 여부 확인""]",https://www.ebn.co.kr/news/articleView.html?idxno=1727266,"Fri, 09 Oct 2026 10:26:00 +0900",2026-10-10T11:33:20.416568+09:00
채용·인력운영,인력변화,[10/09],"SKT, 토큰 게이트웨이 신사업 추진…통신·AI 성장 전략 발표","• SK텔레콤이 AI 전환(AX)을 통한 조직 생산성 향상 및 일하는 방식의 전면 재설계를 추진합니다.
• 사내 공모 제도를 활용하여 기존 인력을 핵심 성장 사업(AI 서비스 및 인프라 등)으로 재배치할 계획입니다.","[""조직 개편에 따른 직무 재설계 및 사내 공모 운영 프로세스 점검"", ""AX 도입에 따른 업무 자동화 범위와 기존 인력의 직무 전환 교육 프로그램 검토""]",http://www.ftoday.co.kr/news/articleView.html?idxno=366959,"Fri, 09 Oct 2026 09:52:00 +0900",2026-10-10T11:33:20.416568+09:00
보상·노사관계,노사관계,[10/09],중재자가 사라졌다…재정난에 갇힌 경기 버스 노사,"• 경기 버스 노사 임금협상 결렬로 인해 오는 29일 최종 협상 결렬 시 총파업 돌입 가능성 고조
• 과거와 달리 경기도의 극심한 재정난으로 인해 지자체의 중재 및 예산 지원을 통한 파업 방지가 불투명한 상황","[""임금협정서 및 노사 합의사항 이행 여부에 따른 법적 리스크 및 노사 갈등 가능성 점검"", ""파업 시 발생할 수 있는 사업장 내 근로시간 관리 및 대체 인력 투입 관련 법적 검토""]",https://www.yna.co.kr/view/AKR20261008159300061?input=1195m,"Fri, 09 Oct 2026 06:00:00 +0900",2026-10-09T12:01:19.521320+09:00
노동법·정책·판례,노동법,[10/09],"계약서만 봐선 1년 임금 모른다…55개 대학 중 49곳 ‘법 위반 소지’[강사법 7년, 남은 ‘시간강사’①]","• 대학 강사 임용계약서 실태 조사 결과, 조사 대상 55개 대학 중 49곳(89.1%)이 소정근로시간, 휴일, 연차유급휴가 등 근로기준법상 필수 기재 사항을 누락하거나 위반할 소지가 있는 것으로 나타남.
• 강의 시간 외 준비 시간 등을 근로시간으로 산정하지 않거나, 폐강 시 임금을 지급하지 않는 등 근로기준법 제17조에 따른 서면 명시 의무가 현장에서 제대로 이행되지 않고 있음.","[""근로계약서상 소정근로시간이 실제 업무 범위(준비, 평가 등 부수 업무 포함)를 반영하여 명확히 기재되어 있는지 점검"", ""폐강이나 업무 미배정 등 비자발적 휴업 상황 발생 시 근로기준법상 휴업수당 지급 의무가 준수되고 있는지 확인""]",https://www.khan.co.kr/article/202610090600081,"Fri, 09 Oct 2026 06:00:00 +0900",2026-10-09T12:01:19.521320+09:00
노동법·정책·판례,노동법,[10/09],노봉법 후 정부기관도 줄줄이 사용자...‘노정협의’가 발목 잡기도 | 중앙일보,"• 개정 노동조합법 시행 이후, 노동위원회가 하청 노조와의 간담회나 노정협의에서 나온 발언을 근거로 원청(정부기관)의 사용자성을 인정하는 사례가 발생함.
• 원청이 하청 노동자의 근로조건을 실질적으로 결정하거나 시설·장비 제공 등 지배력을 행사하는 경우, 교섭 의무가 발생할 수 있어 대화 채널 운영 시 주의가 필요함.","[""하청업체 소속 근로자와의 간담회나 협의 과정에서 근로조건 개선을 약속하거나 지시하는 발언이 있었는지 점검"", ""하청업체 근로자의 업무 수행 장소, 시설, 장비 제공 및 근로조건 결정에 있어 원청이 실질적인 통제권을 행사하고 있는지 확인""]",https://www.joongang.co.kr/article/25468368,"Fri, 09 Oct 2026 05:00:00 +0900",2026-10-09T12:01:19.521320+09:00
HR 제도·조직운영,조직·근무제도,[10/08],"대우건설, 조직개편·인사 단행…전략사업 확대·리스크 관리 강화","• 전략사업(데이터센터·도시정비) 확대 및 리스크 관리 강화를 위해 조직을 개편하고 안전품질본부를 신설함.
• 연공서열을 배제하고 역량과 성과 중심의 임원 인사 및 보직 배치를 단행함.","[""조직개편에 따른 부서별 직무 기술서(JD) 현행화 및 성과지표(KPI) 재설정 필요성 검토"", ""조직 통합 및 신설에 따른 인사 발령 시스템 반영 및 관련 규정 개정 여부 확인""]",http://www.biztribune.co.kr/news/articleView.html?idxno=360374,"Thu, 08 Oct 2026 19:54:00 +0900",2026-10-09T12:01:19.521320+09:00
채용·인력운영,인력변화,[10/08],"홈플러스, 매장 절반 줄자 전 직원 희망퇴직…노조 ""정부 개입 촉구""","• 홈플러스가 기업회생 절차의 일환으로 매장 축소와 함께 전 직원을 대상으로 희망퇴직을 추진함
• 노동조합은 미지급 임금 및 법정 퇴직금만을 조건으로 하는 희망퇴직안에 반발하며 정부의 개입을 촉구함","[""희망퇴직 시행 시 근로기준법상 해고 회피 노력 및 노사 합의 절차 준수 여부 점검"", ""임금 체불 발생 시 근로자 퇴직금 산정 및 지급 의무 이행을 위한 재원 확보 방안 검토""]",http://www.metroseoul.co.kr/article/20261008500250,"Thu, 08 Oct 2026 19:38:00 +0900",2026-10-09T12:01:19.521320+09:00
보상·노사관계,노사관계,[10/08],[현장속으로①] 광주글로벌모터스 '노사갈등 장기화',"• 광주글로벌모터스(GGM)가 단체교섭 결렬 및 부당노동행위 혐의로 노동당국의 압수수색을 받는 등 노사갈등이 장기화하고 있음.
• 노조는 사측의 노조 비방, 선전물 철거, 근로시간 면제 협상 지연 등을 문제 삼으며 부분파업을 진행 중이며, 향후 전면파업 가능성도 시사함.","[""단체교섭 시 특정 쟁점 수용을 전제로 한 교섭안 제시가 부당노동행위(교섭 해태)에 해당하지 않는지 법적 검토"", ""시설관리 및 안전을 이유로 한 노조 선전물 철거 및 비종사 조합원 출입 제한 조치가 정당한 업무 지시 범위 내에 있는지 점검""]",https://www.ilyoseoul.co.kr/news/articleView.html?idxno=523500,"Thu, 08 Oct 2026 18:12:00 +0900",2026-10-09T12:01:19.521320+09:00
보상·노사관계,노사관계,[10/08],"[현장속으로②] 사상 최대 실적 삼성바이오, 성과는 누구 몫?… 노조 2차 총파업 예고","• 삼성바이오로직스 노조가 임금 인상률 및 성과급 배분 이견으로 오는 26일부터 3주간 2차 전면 총파업을 예고함.
• 노조는 삼성전자 사업지원실이 실질적인 근로조건 결정권을 행사한다고 주장하며 삼성전자를 상대로 별도의 단체교섭을 요구함.","[""실질적 사용자성 논란에 대비한 그룹사 및 계열사 간 인사·보상 결정 체계의 독립성 점검"", ""파업 장기화에 따른 생산 차질 및 매출 손실 발생 시의 비상 대응 매뉴얼 및 노사 협상 전략 재검토""]",https://www.ilyoseoul.co.kr/news/articleView.html?idxno=523506,"Thu, 08 Oct 2026 18:10:00 +0900",2026-10-09T12:01:19.521320+09:00
오늘의 스마일게이트,,[10/08],"'에픽세븐' 월드 챔피언십, 10일 그룹 스테이지 돌입... 28명 격돌","• 스마일게이트 '에픽세븐'의 글로벌 e스포츠 대회 'E7WC 2026' 그룹 스테이지가 10일부터 시작되어 28명의 선수가 월드 챔피언 자리를 두고 경쟁함.
• 대회 기간 중 시청자 드롭스 이벤트, 승부예측 이벤트와 함께 '카오스 제로 나이트메어' 컬래버레이션 영웅 '메이린' 업데이트를 병행하여 이용자 참여와 게임 활성도를 높임.","[""글로벌 5개 서버가 참여하는 대규모 e스포츠 대회를 통한 에픽세븐의 글로벌 IP 영향력 및 이용자 지표 변화"", ""신규 컬래버레이션 영웅 '메이린' 출시와 대회 이벤트가 결합된 시너지 효과 및 게임 내 트래픽 유입 성과""]",https://www.xportsnews.com/article/2205724,"Thu, 08 Oct 2026 18:03:00 +0900",2026-10-09T12:01:19.521320+09:00
노동법·정책·판례,판례,[10/08],버스기사 451명 휴일수당 소송…법원 “단체협약으로 보장했다면 지급해야” - 로톡뉴스,"• 단체협약으로 비번일과 관계없이 유급휴일을 보장해 왔다면, 법적 기준과 무관하게 기존 협약에 따른 수당을 지급해야 함
• 근로기준법상 공휴일 유급 보장 의무가 적용되는 사업장에서, 기존보다 근로조건을 낮추는 임금협정서의 제한 조건(연간 10일 제한 등)은 무효임","[""단체협약 및 임금협정서상 유급휴일 보장 범위와 비번일 중복 시 수당 지급 규정 점검"", ""공휴일 유급 보장 의무 적용 이후, 기존 근로조건을 저하시키는 임금 산정 기준이 포함되어 있는지 확인""]",https://lawtalknews.co.kr/article/4KDQLHTFIY37,"Thu, 08 Oct 2026 16:30:00 +0900",2026-10-09T12:01:19.521320+09:00
보상·노사관계,보상·임금,[10/08],"산은비즈 경비원들, 임금 소송 1심서 승소…‘당직수당’으로 처리한 근무가 쟁점","• 법원은 근무 명칭이 '당직'이라도 실제 업무가 통상근로의 연장(지휘·감독 하의 대기, 업무 수행 등)이라면 법정 연장·야간·휴일근로수당을 지급해야 한다고 판결함.
• 노조가 과거 교섭에서 가산수당 대신 당직비 인상을 요구했더라도, 개별 근로자의 법정수당 청구권이 당연히 포기된 것으로 볼 수 없다고 판단함.","[""당직 근무 중 실제 수행하는 업무 내용과 지휘·감독 체계가 통상근로와 유사한지 여부 점검"", ""당직 수당 지급 규정이 실제 근로시간에 따른 법정 가산수당을 적절히 반영하고 있는지 검토""]",https://www.cfnews.kr/news/article.html?no=112645,"Thu, 08 Oct 2026 14:54:00 +0900",2026-10-09T12:01:19.521320+09:00
보상·노사관계,노사관계,[10/08],‘경영성과급 등 노동쟁의 대상 시행지침’ 비판적 분석,"• 고용노동부의 '경영성과급 등 노동쟁의 대상 시행지침'은 경영성과급과 배치전환의 단체교섭 대상 여부를 규정했으나, 법적 구속력의 한계와 구체적 기준의 모호함으로 인해 현장 혼란이 지속될 우려가 있습니다.
• 경영성과급의 경우 기업이익 연동 여부에 따라 교섭 대상을 구분하고 있으나, 이는 오히려 성과급의 고정급화 및 임금성 인정 가능성을 높이는 역효과를 초래할 수 있다는 비판이 제기됩니다.","[""현재 시행 중인 경영성과급 지급 규정이 기업이익 연동형인지, 아니면 고정급화된 임금 성격인지 법적 성격 재검토"", ""배치전환 관련 인사권 행사가 단체교섭 대상이 될 수 있는 사안인지에 대한 내부 인사 규정 및 노사 합의 사항 점검""]",http://www.worklaw.co.kr/view/view.asp?accessSite=Naver&accessMethod=Search&accessMenu=News&in_cate=101&in_cate2=0&gopage=1&bi_pidx=39621,"Thu, 08 Oct 2026 13:02:00 +0900",2026-10-09T12:01:19.521320+09:00
노동법·정책·판례,판례,[10/08],"중노위, 학습지 상담교사 근로자로 첫 인정…""계약 아닌 일하는 방식 주목""","• 중앙노동위원회가 위탁업무계약을 맺은 재택 상담교사를 근로기준법상 근로자로 인정하고, 일방적인 계약 종료를 부당해고로 판정함.
• 계약 형식보다 업무 시간, 규정, 관리 방식 등 실질적인 사용 종속관계 여부를 근로자성 판단의 핵심 기준으로 삼음.","[""특수고용직 및 프리랜서와 체결한 위탁계약의 실질적 업무 수행 방식(업무 지시, 시간 관리, 시스템 통제 등)이 근로자성 판단 기준에 부합하는지 점검"", ""장기간 반복적으로 계약을 갱신해 온 위탁 인력의 경우, 기간제법상 기간의 정함이 없는 근로자로 간주될 가능성이 있는지 법적 리스크 검토""]",https://news.mtn.co.kr/news-detail/2026100810040950413,"Thu, 08 Oct 2026 10:26:00 +0900",2026-10-09T12:01:19.521320+09:00
노동법·정책·판례,노동법,[10/08],"부정경쟁방지법과 영업비밀, 임직원의 프롬프트 한 줄이 기업의 10년 기술을 날릴 수 있다","• 임직원이 상용 AI에 내부 기밀을 입력할 경우, 회사가 명확한 통제 기준을 갖추지 않았다면 법적으로 '영업비밀'로 인정받지 못해 유출 시 구제가 어려울 수 있음.
• 생성형 AI 활용 가이드라인을 취업규칙에 신설할 경우, 근로자에게 불리한 변경에 해당하므로 근로기준법 제94조에 따른 과반수 동의 절차가 필수적임.","[""취업규칙 및 복무규정에 생성형 AI 활용 및 데이터 입력 금지 가이드라인 신설 여부 검토"", ""임직원 대상 데이터 재학습 차단 서약서 징구 및 위반 시 징계·손해배상 책임 명문화 여부 확인""]",http://www.lawissue.co.kr/view.php?ud=20261007134128593237600e7ec7_12,"Thu, 08 Oct 2026 09:02:00 +0900",2026-10-09T12:01:19.521320+09:00
오늘의 스마일게이트,,[10/08],"잘된 게임 한 번 더, 플랫폼 확장 나선 게임사들","• 스마일게이트는 출시 8주년을 맞은 모바일 게임 '에픽세븐'의 스팀(Steam) 입점을 추진하며 유통 채널 다변화에 나섰습니다.
• 국내 게임사들이 이용자 확대와 글로벌 시장 공략을 위해 PC, 콘솔, 모바일 등 플랫폼 확장을 전략적으로 추진하는 추세입니다.","[""스팀 플랫폼 입점을 통한 에픽세븐의 신규 이용자 유입 및 기존 스토브 이용자와의 시너지 효과"", ""플랫폼별 운영 정책 및 기술적 최적화 대응을 통한 서비스 안정성 확보 방안""]",https://byline.network/?p=9004111222622549,"Thu, 08 Oct 2026 07:44:00 +0900",2026-10-08T11:49:42.262448+09:00
노동법·정책·판례,노동법,[10/08],검사 지휘가 사라진 노동 수사…법률 검증은 기업의 몫? [율촌의 노동법 라운지],"• 개정 형사소송법 시행으로 노동감독관의 수사에 대한 검사의 지휘권이 폐지되어, 노동 사건의 입건부터 송치까지 감독관이 직접 수사를 수행하게 됨.
• 수사 단계에서의 법률 검증 기능이 약화됨에 따라, 기업은 조사 초기부터 사실관계와 법리적 쟁점을 명확히 기록하고 소명해야 하는 부담이 커짐.","[""임금체불, 부당노동행위 등 노동 사건 발생 시 초기 단계부터 근로자성·임금성·사용자 책임에 관한 회사의 논리를 담은 의견서 제출 준비"", ""조사 대응 시 대표자·인사담당자·현장관리자의 진술이 엇갈리지 않도록 근로계약서 및 급여 내역 등 객관적 자료를 사전에 정리하고 변호인 조력을 통한 조서 검토""]",https://www.hankyung.com/article/202610077753i,"Thu, 08 Oct 2026 07:01:00 +0900",2026-10-08T11:49:42.262448+09:00
노동법·정책·판례,판례,[10/08],[단독-중대재해 리포트 ②] 검찰이 '면죄부' 준 기업에서 '또' 숨졌다,"• 중대재해처벌법 시행 이후 검찰이 경영책임자를 불기소 처분한 기업에서 사망사고가 반복되는 사례가 다수 확인됨.
• 검찰은 기업이 형식적인 안전보건관리체계를 갖춘 경우 불기소하는 경향이 있으나, 법원은 위험성평가 등 안전 절차의 실질적 작동 여부를 엄격히 판단하고 있음.","[""사내 위험성평가 및 안전보건관리체계가 서류상으로만 존재하지 않는지, 실제 현장에서 유해·위험요인 개선 절차가 작동하고 있는지 점검"", ""사망사고 발생 시 경영책임자의 의무 이행 여부를 입증할 수 있도록 안전보건 예산 집행 및 종사자 의견 청취 등 실질적 이행 기록을 상시 관리""]",https://www.labortoday.co.kr/news/articleView.html?idxno=237111,"Thu, 08 Oct 2026 06:34:00 +0900",2026-10-08T11:49:42.262448+09:00
채용·인력운영,채용,[10/08],"한화에어로스페이스 대표, '학벌·나이 제한' 채용 지침 사과","• 한화에어로스페이스가 경력직 채용 시 나이(1980년생 이하)와 출신 대학을 제한하는 내부 가이드라인을 운용한 사실이 드러나 대표가 국정감사에서 공식 사과함.
• 회사 측은 해당 지침이 실제 채용에 적용되지 않았다고 해명했으나, 고용노동부가 채용 과정 전반에 대한 감독에 착수함.","[""채용 가이드라인 및 평가 기준에 직무 역량과 무관한 차별적 요소(나이, 출신 학교 등)가 포함되어 있는지 전수 점검"", ""채용 프로세스 전반에 대한 관리·감독 체계를 재정비하고 실무자 대상 공정 채용 교육 실시""]",https://www.goodmorningcc.com/news/articleView.html?idxno=453639,"Thu, 08 Oct 2026 05:36:00 +0900",2026-10-08T11:49:42.262448+09:00
보상·노사관계,노사관계,[10/08],"""삼전닉스만큼 성과급 달라""…마이크론 노조 99% 파업 찬성","• 마이크론 대만 노조가 삼성전자·SK하이닉스 수준의 성과급(영업이익의 15% 배분)을 요구하며 조합원 투표를 통해 99% 찬성률로 파업권을 확보함.
• 노조는 이사회에 구체적인 이익 분배 방안 제시를 요구했으며, 미수용 시 파업 등 실력 행사를 예고하여 글로벌 공급망 차질 가능성이 제기됨.","[""자사 성과급 산정 기준과 영업이익 연동 방식의 적정성 및 노사 합의 내용 점검"", ""동종 업계의 보상 수준 변화가 자사 임금 체계 및 노사 관계에 미칠 영향 분석""]",http://www.wowtv.co.kr/NewsCenter/News/Read?articleId=A202610080001&t=NN,"Thu, 08 Oct 2026 00:49:00 +0900",2026-10-08T11:49:42.262448+09:00
보상·노사관계,노사관계,[10/08],하청 파업때 원청 직원이 대신 일 못한다? 노란봉투법 새 갈등,"• LG유플러스 노사가 하청 노조 파업 시 원청 직원의 대체 근로 투입이 노조법상 ‘당해 사업과 관계없는 자’에 해당하는지를 두고 갈등 중임.
• 노란봉투법(노조법 개정안) 논의와 맞물려 원청의 대체 근로 활용 범위에 대한 법적 해석이 노사 관계의 새로운 쟁점으로 부상함.","[""자회사 및 협력사 파업 시 원청 인력 투입에 관한 노조법상 대체 근로 금지 조항 적용 범위 검토"", ""원청과 하청 간 업무 위탁 계약서 내 파업 등 비상 상황 시 대체 인력 운영 관련 조항 점검""]",https://www.chosun.com/national/labor/2026/10/08/GTY3TATF5RCGDK6FTCSJRN32D4/?utm_source=naver&utm_medium=referral&utm_campaign=naver-news,"Thu, 08 Oct 2026 00:47:00 +0900",2026-10-08T11:49:42.262448+09:00
노동법·정책·판례,노동정책,[10/07],“연봉 8200만원 넘으면 주52시간 예외”…이창용·한은 연구진 제안,"• 이창용 교수와 한국은행 연구진은 연봉 8,200만 원 이상의 고소득 화이트칼라 직무에 주52시간제 및 가산수당 규정을 적용하지 않는 '한국형 화이트칼라 이그젬션' 도입을 제안함.
• 주52시간제 시행 이후 저소득층의 초과급여 감소 등 소득 격차 영향과 생산성 저하 문제가 지적되었으며, 일률적 근로시간 단축보다는 유급휴가 활성화를 통한 근로시간 유연화가 대안으로 제시됨.","[""자사 내 R&D, IT, 금융 등 성과 측정이 가능한 직무의 연봉 수준 및 근로시간 자율성 현황 파악"", ""향후 고소득 전문직 대상 근로시간 규제 완화 논의에 대비한 성과 기반 보상체계 및 건강 보호 장치 검토""]",http://www.joseilbo.com/news/news_read.php?uid=577008&class=1&grp=,"Wed, 07 Oct 2026 20:31:00 +0900",2026-10-08T11:49:42.262448+09:00
보상·노사관계,노사관계,[10/07],첫 노조 설립 후 갈등 겪은 태웅…첫 임단협 이어 상생협약,"• 무노조 체제를 유지하던 태웅이 첫 노조 설립 후 겪은 임단협 갈등을 봉합하고 노사정 상생협약을 체결함
• 노조 인정, 지속적인 소통, 생산·경영 안정 및 노동자 권익 향상을 위한 협력적 노사관계 정착에 합의함","[""노조 설립 초기 발생할 수 있는 부당노동행위 리스크 예방을 위한 사내 노무 관리 프로세스 점검"", ""임단협 교섭 과정에서 발생한 갈등 사례를 참고하여 노사 간 소통 채널 및 분쟁 조정 절차의 적절성 확인""]",https://www.kmib.co.kr/article/view.asp?arcid=9000020700&cp=nv,"Wed, 07 Oct 2026 17:56:00 +0900",2026-10-08T11:49:42.262448+09:00
HR 제도·조직운영,조직·근무제도,[10/07],조선업 '컨트롤타워' 강화… 데이터센터 엔진·SMR 공략 가속,"• HD현대 조선사업 총괄 부회장직 신설 및 이상균 부회장 선임으로 계열사 간 전략 조율 및 컨트롤타워 기능 강화
• 조민수 사장(안전총괄 대표) 내정 및 사장급 승진 인사를 통해 현장 안전 경영 강화와 신사업(데이터센터 엔진·SMR) 추진 동력 확보","[""조직 개편에 따른 사내 직제 규정 및 결재 권한 위임 전결 규정 개정 필요 여부 확인"", ""안전총괄 대표이사 신설에 따른 안전보건관리체계 내 책임과 권한의 명확화 및 관련 보고 체계 점검""]",https://www.asiatoday.co.kr/kn/view.php?key=20261008010002276,"Wed, 07 Oct 2026 17:52:00 +0900",2026-10-08T11:49:42.262448+09:00
노동법·정책·판례,노동정책,[10/07],"서울시 환경공무관 13% 결원···""시·구 공동 재정 분담 기준 시급""","• 서울시 자치구 환경공무관의 13% 결원 발생으로 인한 업무 과중 및 산재 위험 증가 문제가 제기됨.
• 대법원 판결에 따른 통상임금 산정 기준 변화로 인건비 부담이 가중되어, 서울시와 자치구 간의 재정 분담 및 적정 인력 확보 방안 논의가 시작됨.","[""대법원 판례 변경에 따른 통상임금 산정 기준이 사내 임금 체계 및 수당 계산에 미치는 영향 점검"", ""인력 부족으로 인한 초과근무 발생 시 근로기준법상 연장근로 한도 준수 및 안전보건 관리 체계 재점검""]",http://www.finomy.com/news/articleView.html?idxno=263112,"Wed, 07 Oct 2026 17:30:00 +0900",2026-10-08T11:49:42.262448+09:00
노동법·정책·판례,노동정책,[10/07],‘1주만 쓰는 육아휴직이 생겼다’ 엄마도 아빠도 알아야 할 달라진 육아지원제도,"• 육아휴직 기간 최대 1년 6개월로 연장 및 분할 사용 횟수 4회로 확대, 1~2주 단위의 단기 육아휴직(연 1회) 신설
• 배우자 출산휴가 기간 20일로 확대 및 사용 시기 조정, 육아기 근로시간 단축 거절 사유 제한 및 대상 자녀 연령 확대","[""취업규칙 내 단기 육아휴직 및 배우자 유산·사산휴가 등 개정된 법령 반영 여부 확인"", ""육아휴직 및 근로시간 단축 신청 시 서면 기록 관리 프로세스 점검 및 대체 인력 운영 계획 수립""]",https://www.dailyvet.co.kr/news/cshwork/299758,"Wed, 07 Oct 2026 16:52:00 +0900",2026-10-08T11:49:42.262448+09:00
보상·노사관계,노사관계,[10/07],"삼바 노사갈등 격화…""유증 재검토를"" vs ""불법 강력대응""","• 삼성바이오로직스 노조가 사측의 유상증자 계획에 반발하며 한국거래소와 금융감독원에 청약 일정 보류 및 재검토를 요청함.
• 사측은 노조의 인신공격성 유인물 부착 등 불법 행위에 대해 법적 대응을 예고하고, 파업 참여 시 무노동·무임금 원칙을 엄격히 적용하겠다고 밝힘.","[""쟁의행위 시 무노동·무임금 원칙 적용 및 급여 공제 프로세스 점검"", ""사내 게시물 관리 규정 및 명예훼손·인신공격에 대한 징계 절차 검토""]",https://www.newsis.com/view/NISX20261007_0003817635,"Wed, 07 Oct 2026 15:30:00 +0900",2026-10-08T11:49:42.262448+09:00
오늘의 스마일게이트,,[10/07],"스마일게이트 '이클립스', 사냥터부터 클래스까지 대대적 개선","• 스마일게이트가 서비스하고 엔픽셀이 개발한 MMORPG '이클립스: 더 어웨이크닝'이 인터 던전 보상 상향, 클래스 밸런스 조정, PVP 성향치 개선 등 이용자 피드백을 반영한 대규모 업데이트를 단행함.
• 전투 및 성장 과정의 불편함을 해소하기 위해 관통 능력치 효율 개선, 전투 특성 포인트 획득 구간 조정 등 시스템 전반을 개편하여 플레이 부담을 완화함.","[""이번 대규모 개선 업데이트가 실제 이용자들의 플레이 경험과 게임 내 지표(잔존율 및 매출 등)에 미치는 실질적인 영향"", ""상호 적대 관계 PVP 성향치 완화 및 클래스 밸런스 조정이 게임 내 커뮤니티와 경쟁 콘텐츠 활성화에 기여하는지 여부""]",https://www.gamevu.co.kr/news/articleView.html?idxno=61278,"Wed, 07 Oct 2026 15:28:00 +0900",2026-10-08T11:49:42.262448+09:00
노동법·정책·판례,노동법,[10/07],"[2026 국감] 삼성 노조, '성과급·DX 배제·경영결정 관여 논란' 국감行","• 2026년 9월 고용노동부 시행지침에 따라, 기업의 투자·합병 등 경영상 결정 자체는 의무적 교섭 대상이 아니며 이를 이유로 한 파업은 정당성을 인정받기 어려움.
• 영업이익의 일정 비율을 성과급 재원으로 배분하도록 요구하는 'N% 성과급' 협의안 결렬 또한 파업의 정당한 사유가 될 수 없음을 명시함.","[""자사 단체협약 및 노사 합의안 중 '경영권' 영역과 '근로조건' 영역이 명확히 구분되어 있는지 점검"", ""성과급 지급 기준 및 노동쟁의 대상 관련 사내 규정이 최신 고용노동부 시행지침에 부합하는지 검토""]",http://www.newsdream.kr/news/articleView.html?idxno=119522,"Wed, 07 Oct 2026 14:10:00 +0900",2026-10-08T11:49:42.262448+09:00
HR 제도·조직운영,휴가·휴직,[10/07],"유니포스트, ‘시간 단위 연차’ 대응 HR 실무 리포트 발간","• 시간 단위 연차 제도가 법제화될 경우, 기존 15일 단위의 연차 관리가 120시간 단위로 세분화되어 엑셀 수기 관리 시 정산 오류 및 노무 리스크가 증가할 것으로 예상됩니다.
• 유니포스트는 시간 단위 연차 도입 시 발생할 수 있는 임금체불, 근로자의 청구권 충돌, 소수점 잔여 연차 계산 오류 등을 방지하기 위해 데이터 기반의 전산 시스템 도입이 필요하다고 제언했습니다.","[""시간 단위 연차 도입 시 발생할 수 있는 소수점 단위 잔여 연차 계산 및 가산수당 정산 오류 가능성 점검"", ""근로기준법 제42조에 따른 3년간의 연차 사용 기록 보존을 위한 타임스탬프 등 객관적 증빙 시스템 확보 여부 확인""]",http://www.datanews.co.kr/news/article.html?no=146819,"Wed, 07 Oct 2026 10:02:00 +0900",2026-10-08T11:49:42.262448+09:00
보상·노사관계,노사관계,[10/07],LG유플러스 임금 3.9% 인상 제시···노조는 8% 요구하며 '쟁의' 고려,"• LG유플러스 노사가 임금 3.9% 인상안을 두고 협상 중이나, 노조는 8% 인상을 요구하며 쟁의 가능성을 시사함.
• AI 도입에 따른 근로조건 변화를 단체협약에 명문화하는 데는 노사가 합의점을 찾았으나, 의료비 지원 개편 및 성과인센티브(PI) 평균임금 산입 등 복리후생 항목에서 이견이 지속됨.","[""성과인센티브(PI)의 평균임금 산입 여부에 따른 통상임금 및 퇴직금 산정 기준 재검토"", ""의료비 지원 제도 개편 시 기존 수혜자의 불이익 발생 여부 및 비급여 항목 포함 여부에 대한 노사 합의안 점검""]",https://www.sisajournal-e.com/news/articleView.html?idxno=424154,"Wed, 07 Oct 2026 09:38:00 +0900",2026-10-08T11:49:42.262448+09:00
보상·노사관계,노사관계,[10/07],국감 나온 삼성전자 노조위원장…성과급 형평성·회계 의혹 집중 질의 [국감2026],"• 삼성전자 노조위원장이 국감에 출석해 성과급 산정의 투명성 및 부문 간 형평성 문제와 관련해 노사 협의를 통한 제도 개선 의지를 밝힘.
• 노조 회계 투명성 및 집행 과정의 적절성에 대한 질의가 이어졌으며, 노조 측은 운영 미숙을 인정하고 향후 내부 기준과 절차를 정비하겠다고 답변함.","[""성과급 산정 기준 및 지급 방식이 노사 간 투명하게 합의되고 있는지 점검"", ""노조 운영 및 조합비 집행 관련 내부 통제 절차와 규정이 적절히 마련되어 있는지 확인""]",https://it.chosun.com/news/articleView.html?idxno=2023092171523,"Wed, 07 Oct 2026 08:56:00 +0900",2026-10-07T11:35:26.743060+09:00
채용·인력운영,인력변화,[10/07],"[대장간] 불확실성의 시대, 대응력 설계가 중요하다","• 불확실한 경영 환경 속에서 감산, 설비합리화, 자동화 도입에 따른 인력 재배치와 고용 안정 문제가 주요 변수로 부상함.
• 숙련 인력 이탈 방지를 위한 재교육 확대와 비용 절감 과정에서의 안전 인력 및 예방정비 축소 방지 등 노사 협의가 필수적임.","[""생산 조정 및 인력 재배치 계획에 대한 노사 간 투명한 정보 공유 및 협의 절차 마련"", ""자동화·저탄소 공정 전환에 대비한 숙련 인력 대상 직무 재교육 프로그램 수립""]",http://www.snmnews.com/news/articleView.html?idxno=575553,"Wed, 07 Oct 2026 08:22:00 +0900",2026-10-07T11:35:26.743060+09:00
노동법·정책·판례,판례,[10/07],"[노무톡톡] 촉탁직 근로자, 그리고 갱신기대권 판단","• 정년퇴직 후 촉탁직으로 재고용된 근로자와의 계약 갱신 과정에서 '갱신기대권' 인정 여부가 부당해고 판단의 핵심 쟁점이 됨
• 최근 3년간 노동위원회 판례를 통해 갱신기대권이 부정되는 사례를 분석하여 촉탁직 근로자 관리의 리스크를 점검할 필요가 있음","[""촉탁직 근로계약서 내 갱신 조건 및 계약 종료 사유 명시 여부 확인"", ""최근 3년간 노동위원회에서 갱신기대권이 부정된 판례를 바탕으로 자사 촉탁직 운영 프로세스 점검""]",https://www.sejungilbo.com/news/articleView.html?idxno=60438,"Wed, 07 Oct 2026 07:34:00 +0900",2026-10-07T11:35:26.743060+09:00
노동법·정책·판례,노동정책,[10/07],단체교섭 판단지원위 사용자성 판단 69.3일 걸렸다,"• 고용노동부 ‘단체교섭 판단지원 위원회’의 사용자성 판단에 평균 69.3일이 소요되는 등 심의 지연으로 인한 현장 혼선이 제기됨.
• 위원회의 판단과 노동위원회의 판정이 엇갈리는 사례가 발생하고 있으며, 심의 기한 규정 부재로 인해 신속한 유권해석 제공이라는 당초 취지가 퇴색되고 있음.","[""원·하청 관계에서 사용자성 관련 질의 시 위원회 판단까지 장기간 소요될 수 있음을 고려한 교섭 전략 수립"", ""노동위원회 판정 사례와 위원회 판단 기준의 차이를 모니터링하여 노사 관계 리스크 관리""]",https://www.labortoday.co.kr/news/articleView.html?idxno=237091,"Wed, 07 Oct 2026 06:34:00 +0900",2026-10-07T11:35:26.743060+09:00
보상·노사관계,노사관계,[10/06],"최승호 삼성전자 노조위원장 ""성과급 주총 필요성 인지""","• 삼성전자 노조위원장이 국정감사에서 성과급 지급 방식(자사주 등) 변경 시 주주총회 의결이 필요함을 인지하고 있으며, 이는 노사 간 논의가 필요한 사안임을 밝힘.
• 고용노동부의 '영업이익 연동 성과급은 쟁의 대상이 아님'이라는 지침에 대해 인지하고 있으나, 성과 배분은 노사 간 충분히 논의할 수 있는 영역이라는 입장을 견지함.","[""자사주 활용 성과급 지급 시 정관 및 주주총회 의결 절차 필요성 검토"", ""영업이익 연동 성과급 관련 고용노동부 지침에 따른 단체교섭 범위 및 쟁의행위 대상 여부 재점검""]",https://www.sidae.com/article/2026100618532461095,"Tue, 06 Oct 2026 20:00:00 +0900",2026-10-07T11:35:26.743060+09:00
보상·노사관계,노사관계,[10/06],"금융노사 임단협 체결, 임금 3.0% 인상하고 은행 문 오전 9시30분에 열기...","• 금융권 노사 임단협 타결로 임금 3.0% 인상 및 은행 영업시간 오전 9시 30분 개점 유지
• 초등학교 1~2학년 자녀를 둔 직원의 근무시간 조정 제도 2028년 단체협약 개정 시까지 유지","[""임금 인상률 반영에 따른 급여 테이블 및 통상임금 산정 기준 재검토"", ""자녀 돌봄 관련 유연근무제 운영 현황 점검 및 단체협약 내 관련 조항 유지 여부 확인""]",https://www.businesspost.co.kr/BP?command=article_view&num=448729,"Tue, 06 Oct 2026 18:16:00 +0900",2026-10-07T11:35:26.743060+09:00
채용·인력운영,채용,[10/06],"도쿄일렉트론코리아, 하반기 세 자릿수 뽑는다","• 도쿄일렉트론코리아가 하반기 19개 직무에서 세 자릿수 규모의 신입 및 경력직 채용을 진행하며, 직무 적합성 검증을 위해 자기소개서 문항 개편 및 AI 역량검사 적용 대상을 확대함.
• 입사 초기 적응을 돕기 위한 신입·경력별 맞춤형 교육 프로그램과 멘토링, 주거 지원 및 시차출퇴근제 등 다양한 복리후생 제도를 운영함.","[""자사 채용 프로세스 내 직무 중심의 자기소개서 문항 및 AI 역량검사 도입 타당성 검토"", ""신규 입사자의 조직 적응을 위한 온보딩 프로그램(교육 및 멘토링) 체계 점검""]",https://magazine.hankyung.com/job-joy/article/202610066331d,"Tue, 06 Oct 2026 17:44:00 +0900",2026-10-07T11:35:26.743060+09:00
HR 제도·조직운영,조직·근무제도,[10/06],내년 4월부터 은행 9시30분에 영업…금융노사 산별교섭 타결,"• 내년 4월부터 은행 영업 개시 시간이 오전 9시 30분으로 30분 늦춰지며, 유연근무제 및 탄력점포 운영을 통해 고객 불편을 최소화하기로 합의함.
• 임금은 총액임금 3.0% 인상을 기준으로 하되, 일·생활 균형 자율 출근제 도입, 금요일 조기퇴근제 미사용분 보상휴가 적립 등 근무제도 개선안이 포함됨.","[""영업시간 변경에 따른 근로시간 관리 체계 및 유연근무제 운영 규정 개정 필요성 검토"", ""자율 출근제 및 보상휴가 적립 제도 도입을 위한 취업규칙 및 근로시간 관리 시스템 반영 여부 확인""]",http://www.efnews.co.kr/news/articleView.html?idxno=132915,"Tue, 06 Oct 2026 17:00:00 +0900",2026-10-07T11:35:26.743060+09:00
노동법·정책·판례,노동정책,[10/06],"[2026 국정감사] 산업장관 ""첨단산업 R&D 인력 근로시간 유연화 필요""","• 산업통상자원부 장관이 첨단산업 R&D 인력의 근로시간 유연화를 위해 '화이트칼라 이그젬션' 도입 필요성을 언급함.
• 선택근로제 정산기간 확대(현행 3개월→최대 1년) 및 지방 첨단산업 거점 근로자에 대한 근로소득세 감면 등 인센티브 도입이 논의됨.","[""자사 R&D 인력의 근로시간 유연화 수요 및 현행 선택근로제 정산기간 운영 현황 점검"", ""향후 첨단산업 관련 법안 개정 시 적용 대상 범위 및 세제 혜택 요건 확인""]",https://www.ajunews.com/view/20261006160144413,"Tue, 06 Oct 2026 16:18:00 +0900",2026-10-07T11:35:26.743060+09:00
노동법·정책·판례,노동법,[10/06],"""팀장님, 오늘 연차 쓸게요"" 출근 직전 통보...법적으로 가능?","• 근로기준법상 연차휴가는 근로자가 청구한 시기에 부여하는 것이 원칙이나, 사업 운영에 막대한 지장이 있는 경우 사용자는 시기변경권을 행사할 수 있음.
• 취업규칙 등에 명시된 '사전 신청 절차'는 대체인력 확보 등 합리적 이유가 있다면 유효하나, 단순히 절차 미준수만을 이유로 무조건적인 휴가 거부는 어려움.","[""취업규칙 및 단체협약 내 연차휴가 사전 신청 규정이 업무 성격상 대체인력 확보를 위한 합리적 기간으로 설정되어 있는지 검토"", ""연차 신청 시기변경권 행사 시 업무 공백, 대체인력 확보 가능성 등 '사업 운영상 막대한 지장'에 대한 구체적 판단 기준 마련""]",https://www.mt.co.kr/society/2026/10/06/2026100612582836509,"Tue, 06 Oct 2026 15:47:00 +0900",2026-10-07T11:35:26.743060+09:00
보상·노사관계,노사관계,[10/06],김태호 부산교통공사 사장 후보 인사청문…재정난·안전·과거 논란 '도마',"• 부산교통공사 사장 후보자가 통상임금 소송과 관련해 판결로 확정된 지급 의무를 인정하고, 노사 간 조기 합의를 통한 해결 의지를 표명함.
• 공사의 만성적 재정난 해결을 위해 요금 인상 외에 수익 구조 개선 및 혁신 TF 가동 등 경영 효율화 방안을 제시함.","[""통상임금 산정 범위 및 미지급분 정산과 관련한 노사 합의 절차 및 재무적 영향 검토"", ""조직 내 인사 채용 및 정규직 전환 과정의 투명성 확보를 위한 내부 통제 프로세스 점검""]",https://www.newsis.com/view/NISX20261006_0003815680,"Tue, 06 Oct 2026 14:33:00 +0900",2026-10-07T11:35:26.743060+09:00
보상·노사관계,노사관계,[10/06],"삼성바이오 노조, 2차 총파업 예고...주요 쟁점은","• 삼성바이오로직스 노조가 2차 총파업을 예고하며, 실질적 사용자성을 근거로 모기업인 삼성전자에 인사·보상제도 관련 단체교섭을 요구함.
• 사측은 임금 6.2% 인상안을 제시했으나, 노조는 고정급 15% 인상 및 영업이익 15% 성과급 배분을 요구하며 노사 갈등이 지속 중임.","[""노조법상 실질적 지배력을 행사하는 '사용자' 범위에 대한 법적 판단 기준 및 관련 판례 검토"", ""파업 시 대체근로 금지 원칙 준수 여부 및 필수 유지 업무 범위에 따른 생산 차질 리스크 점검""]",https://www.ekoreanews.co.kr/news/articleView.html?idxno=88458,"Tue, 06 Oct 2026 14:08:00 +0900",2026-10-07T11:35:26.743060+09:00
HR 제도·조직운영,평가·인사제도,[10/06],"“일 다 했는데 기간제 계약 끝났다고 최하 등급?”…도민권익위, 일자리재단에 ‘개선 권고’","• 경기도 도민권익위원회는 계약기간 대부분을 근무한 기간제 근로자에게 성과 평가 없이 일률적으로 최하위 등급을 부여하는 관행에 대해 개선을 권고함.
• 신규 입사자나 휴직자에게는 평균 점수를 부여하는 등 별도 기준을 적용하면서, 계약만료 퇴직자에게만 불합리한 평가 기준을 적용하는 것은 형평성에 어긋난다고 판단함.","[""기간제 근로자 및 계약만료 퇴직자에 대한 성과 평가 규정 및 실제 운영 현황 점검"", ""평가 대상 제외자(휴직자, 중도 퇴사자 등)에 대한 보정 점수 산정 기준의 합리성 및 형평성 검토""]",https://www.kyeonggi.com/article/20261006580016,"Tue, 06 Oct 2026 08:23:00 +0900",2026-10-06T12:12:23.346769+09:00
HR 제도·조직운영,휴가·휴직,[10/06],내년 시행 ‘반차 의무화’…실무 혼선 줄이려면 이렇게,"• 2027년 6월 10일부터 연차 유급휴가를 '반일' 단위로 분할하여 사용할 수 있는 권리가 법적으로 보장되며, 사용자는 이를 의무적으로 부여해야 함.
• 시행령에 따라 의무 부여 대상은 '연 5일' 한도이며, 반차 청구를 이유로 한 해고나 불리한 처우는 금지됨.","[""취업규칙 및 근태관리 규정에 소정근로시간을 기준으로 한 '반일'의 시간적 정의(예: 4시간 등) 명시"", ""반차 사용 시 시기변경권 행사 기준 재정립 및 연차사용촉진제도의 시간 단위 관리 시스템 반영 여부 점검""]",http://www.worklaw.co.kr/view/view.asp?accessSite=Naver&accessMethod=Search&accessMenu=News&in_cate=123&in_cate2=0&gopage=1&bi_pidx=39624,"Tue, 06 Oct 2026 07:02:00 +0900",2026-10-06T12:12:23.346769+09:00
노동법·정책·판례,노동법,[10/06],태업을 사유로 임금을 공제할 수 있나요,"• 태업은 근로제공이 일부 정지되는 형태의 쟁의행위로, 별도의 약정이나 관행이 없다면 '무노동 무임금 원칙'에 따라 미제공 근로에 대한 임금 공제가 가능합니다.
• 공제액 산정 시 원칙적으로는 노동자별 근로제공의 불완전 정도를 따져야 하나, 생산량 측정이 어려운 경우 태업시간 비율을 기준으로 임금을 공제하는 방식도 인정될 수 있습니다.","[""단체협약, 취업규칙, 또는 노사 간 약정 내 쟁의행위 시 임금 지급 관련 규정이 있는지 확인"", ""태업 발생 시 근로제공의 불완전성을 입증할 수 있는 생산량 데이터 또는 업무량 감소 지표 산출 방식 검토""]",https://www.labortoday.co.kr/news/articleView.html?idxno=237076,"Tue, 06 Oct 2026 06:34:00 +0900",2026-10-06T12:12:23.346769+09:00
노동법·정책·판례,노동법,[10/06],"[노무, 톡!] 서로를 가해자로 보는 일터","• 직장 내 괴롭힘 신고 사건은 행위의 경위와 관계를 종합해 객관적으로 판단해야 하며, 번아웃은 괴롭힘의 면책 사유가 될 수 없음
• 가해 여부 판단과 별개로 조직 내 소진의 원인인 업무 과중을 해결하고 구성원 간 관계를 회복하는 사후 관리가 필수적임","[""신고 사건 발생 시 조사와 병행하여 해당 부서의 업무량 및 인력 배치 적정성 점검"", ""조사 종료 후 복귀한 구성원의 업무 부담 완화 및 관리자의 소통 방식 개선 교육 실시""]",https://www.etoday.co.kr/news/view/2632499,"Tue, 06 Oct 2026 06:02:00 +0900",2026-10-06T12:12:23.346769+09:00
채용·인력운영,인력변화,[10/06],사람 줄이면 비용도 줄까…제약·바이오 구조조정의 '두 번째 계산서',"• 제약·바이오 업계가 영업 조직의 외주화(CSO 전환) 및 희망퇴직을 통해 고정비 절감을 시도하고 있으나, 외주 수수료 및 관리 비용 증가로 인해 실제 비용 절감 효과는 불확실한 상황임.
• 일부 기업은 외주화의 효율성 저하를 이유로 위탁 영업을 철수하거나, 노조로부터 인력 감축 전 외주비 및 경비 점검을 요구받는 등 조직 재편 과정에서 노사 간 시각차와 비용 구조의 복잡성이 대두됨.","[""조직 재편 시 인건비 감소분과 신규 발생하는 외주 수수료 및 관리 비용을 포함한 전체 비용 구조 분석"", ""영업대행사(CSO) 활용 시 정부의 관리·감독 책임 강화 방안에 따른 준법 감시 비용 및 리스크 검토""]",https://www.pharmnews.com/news/articleView.html?idxno=306668,"Tue, 06 Oct 2026 06:00:00 +0900",2026-10-06T12:12:23.346769+09:00
채용·인력운영,인력변화,[10/06],같은 회사인데 몸값은 달라졌다⋯AI가 만든 ‘직장인 新계급’ [AI 신계급사회],"• 삼성전자 임원 평가(MBO) 내 AX 역량 배점 확대(20점) 및 LG디스플레이 승진 필수 교육 도입 등 AI 활용 능력이 인사평가와 승진 체계에 직접 반영되고 있음.
• HD현대·포스코 등 주요 기업이 채용 과정에 AI 역량 검사를 도입하고 있으며, 글로벌 시장 및 국내 기업 인사 담당자 조사 결과 AI 역량 보유자에 대한 임금 프리미엄 지급 의향이 확인됨.","[""채용 프로세스 내 AI 활용 역량 평가 문항 및 검증 절차 도입 검토"", ""직무별 AI 활용 성과를 반영한 인사평가 지표 및 보상 체계 연계 가능성 점검""]",https://www.etoday.co.kr/news/view/2627307,"Tue, 06 Oct 2026 05:02:00 +0900",2026-10-06T12:12:23.346769+09:00
노동법·정책·판례,노동법,[10/06],근로감독 방문 전 인사 담당자가 확인해야 할 것,"• 근로감독은 유형(정기·수시·특별)에 따라 점검 범위와 예고 여부가 다르므로 통지 시 유형 파악이 우선입니다.
• 근로계약서, 임금대장, 취업규칙 등 기본 서류와 실제 운영 내용의 일치 여부를 평소에 점검하는 것이 리스크 관리의 핵심입니다.","[""근로계약서 필수 기재사항 준수 및 임금명세서 교부 여부 점검"", ""취업규칙 내용과 실제 근태 기록(연장근로 한도 및 휴게시간)의 일치 여부 확인""]",https://www.traveltimes.co.kr/news/articleView.html?idxno=500457,"Tue, 06 Oct 2026 00:06:00 +0900",2026-10-06T12:12:23.346769+09:00
오늘의 스마일게이트,,[10/05],"[뉴겜] 넥슨, '템빨: 오버기어드' 사전등록…연내 국내외 출시 外","• 스마일게이트 스토브, 리듬 댄스 게임 '럽플레이스' 사전예약 실시 및 15일 정식 출시 예정
• 넥슨 '템빨: 오버기어드' 사전등록 시작 및 엔씨 '아스트라에 오라티오' 글로벌 CBT 진행 등 경쟁사 신작 소식","[""스토브 플랫폼의 PC·모바일 크로스플랫폼 라인업 확대에 따른 이용자 유입 및 리텐션 효과"", ""웹소설 IP 기반 MMORPG(넥슨)와 서브컬처 마법 RPG(엔씨) 등 주요 경쟁사의 신작 출시가 시장 점유율에 미치는 영향""]",http://www.worktoday.co.kr/news/articleView.html?idxno=90060,"Mon, 05 Oct 2026 19:56:00 +0900",2026-10-06T12:12:23.346769+09:00
오늘의 스마일게이트,,[10/05],"6주년 맞은 '원신', 팬들과 함께 '원신 숲' 조성","• 호요버스가 '원신' 출시 6주년을 맞아 스마일게이트 희망스튜디오, 당근과 협력하여 양화한강공원에 '원신 숲'을 조성함.
• 이용자들의 걷기 기부와 나무심기 봉사활동을 통해 조성된 이 숲은 게임사가 한강공원에 만든 최초의 기업 숲 사례임.","[""희망스튜디오의 사회공헌 플랫폼 모델이 외부 게임사와 협업하여 오프라인 환경 개선 사업으로 확장된 사례로서의 의미 확인"", ""게임 이용자 참여형 기부 활동이 실제 환경 보호 성과(이산화탄소 저감 등)로 이어지는 ESG 캠페인 방식의 효과성 분석""]",https://www.xportsnews.com/article/2204269,"Mon, 05 Oct 2026 17:13:00 +0900",2026-10-06T12:12:23.346769+09:00
노동법·정책·판례,노동정책,[10/05],[미리 보는 국감] 노란봉투법 시행 이후 첫 국감…원청교섭·산재·체불 대책 시험대,"• 개정 노조법 시행 이후 원청의 사용자 책임 범위가 산업안전 의제부터 구체화되고 있으며, 향후 임금·근로조건 교섭으로 확대될 가능성이 있음.
• 정부는 정년연장 사회적 대화 추진과 함께 임금체불 예방을 위한 임금구분지급제 확대 및 상습체불 사업주 제재 강화를 예고함.","[""원청 사업장인 경우, 산업안전 및 근로조건 관련 교섭 범위와 노동위원회의 판단 기준 변화 모니터링"", ""임금체불 예방을 위해 내년 1월부터 확대되는 임금구분지급제 적용 대상 여부 및 사내 임금 지급 체계 점검""]",https://www.asiatoday.co.kr/kn/view.php?key=20261005010001033,"Mon, 05 Oct 2026 16:54:00 +0900",2026-10-06T12:12:23.346769+09:00
보상·노사관계,노사관계,[10/05],삼성바이오 3조 유증에 ‘노조 암초’…26일 2차 총파업 예고,"• 삼성바이오로직스 노조가 임금 및 인사 제도 개선을 요구하며 10월 26일부터 3주간 2차 총파업을 예고함.
• 노사 갈등 심화로 인한 파업 리스크가 증권신고서상 투자위험 요소로 명시되었으며, 향후 파업 강도에 따라 유상증자 재심사 가능성이 제기됨.","[""노사 분쟁 발생 시 증권신고서 등 공시 자료에 기재된 리스크 요인의 적정성 및 업데이트 필요성 검토"", ""파업 등 쟁의행위가 우리사주조합 청약 및 기업 자금 조달 계획에 미치는 영향 분석 및 대응 방안 수립""]",https://www.dt.co.kr/article/12087438?ref=naver,"Mon, 05 Oct 2026 16:18:00 +0900",2026-10-06T12:12:23.346769+09:00
노동법·정책·판례,판례,[10/05],"""여성 동료와 성관계 중 뇌출혈""…식물인간 된 유부남, 회사 해고 인정","• 중국 법원이 사내 취업규칙상 '이성 동료와의 부적절한 관계'를 징계 해고 사유로 명시한 경우, 질병 치료 중이라 하더라도 해당 규정 위반에 따른 해고는 정당하다고 판결함.
• 노동중재 및 법원은 해고의 정당성은 인정했으나, 해고 전 발생한 병가 기간에 대한 임금 지급 의무는 별도로 존재한다고 판단함.","[""사내 취업규칙 및 징계 규정에 사내 윤리 위반(부적절한 관계 등)에 관한 구체적인 징계 사유가 명시되어 있는지 확인"", ""질병 휴직 또는 병가 중인 근로자에 대한 징계 절차 진행 시, 관련 법령 및 사규에 따른 임금 지급 의무와 해고 제한 규정의 저촉 여부 검토""]",https://www.sportschosun.com/life/2026-10-05/202610050100033920002169,"Mon, 05 Oct 2026 15:52:00 +0900",2026-10-06T12:12:23.346769+09:00
보상·노사관계,노사관계,[10/05],"삼성전자 반도체 성과급 세부안, 노노갈등 뇌관 되나","• 삼성전자 DS부문이 영업이익의 10.5%를 재원으로 하는 특별경영성과급의 세부 지급 기준을 이번 주 공개할 예정임.
• 사업부별 성과 차등 배분 방식과 DX부문과의 보상 격차로 인해 내부 구성원 및 복수 노조 간 갈등이 심화할 가능성이 있음.","[""성과급 산정 시 사업부별 성과 차등 기준의 투명성 및 노사 합의 내용 점검"", ""복수 노조 존재 시 보상 체계 요구사항 차이에 따른 노사 관계 영향도 분석""]",https://www.sidae.com/article/2026100214495849933,"Mon, 05 Oct 2026 14:33:00 +0900",2026-10-06T12:12:23.346769+09:00
보상·노사관계,노사관계,[10/05],네이버는 계열사의 '진짜 사용자'인가…15개사 통합교섭 첫 시험대,"• 네이버 노조가 15개 계열사와의 통합교섭을 요구하며, 네이버의 교섭 요구 사실 공고 거부에 대해 경기지방노동위원회에 시정 신청을 제기함.
• 이번 사건의 핵심은 네이버가 계열사 근로조건을 실질적으로 결정하는 '사용자'에 해당하는지 여부이며, 노동위원회의 판단 결과가 향후 IT 업계 노사관계에 큰 영향을 미칠 전망임.","[""모회사와 자회사 간 인사·보상 결정 구조 및 실질적 지배력 행사 여부 점검"", ""계열사 간 통합교섭 요구 발생 시 노동관계법령상 교섭 요구 사실 공고 의무 이행 절차 확인""]",http://www.metroseoul.co.kr/article/20261005500031,"Mon, 05 Oct 2026 10:22:00 +0900",2026-10-06T12:12:23.346769+09:00
보상·노사관계,노사관계,[10/05],인천 자동차 수출 8월 반토막···승용차 부진에 휴가·파업 겹쳐,"• 8월 인천 자동차 수출액이 전월 대비 46.3% 감소하며 생산 차질 및 수출 부진이 심화됨
• 국내 완성차 5개사가 8월 말까지 임단협을 모두 타결함에 따라 9월부터 생산량 회복이 전망됨","[""임단협 타결에 따른 임금 인상분 및 합의 사항의 급여 반영 시기 확인"", ""생산량 회복에 따른 연장근로 발생 가능성 및 근로시간 관리 기준 점검""]",https://www.incheontoday.com/news/articleView.html?idxno=324477,"Mon, 05 Oct 2026 10:00:00 +0900",2026-10-06T12:12:23.346769+09:00
보상·노사관계,노사관계,[10/05],"[단독인터뷰] 국감 서는 삼성 최대노조 최승호, 'N% 성과급' 그 이후를 묻다","• 삼성전자 노사는 DS부문 영업이익의 10.5%를 재원으로 하는 특별경영성과급 신설에 합의했으나, 적자 사업부 페널티 및 사업부 간 보상 격차로 인한 노노갈등과 조합원 이탈이 지속되고 있음.
• 초기업노조 삼성전자지부는 향후 교섭단위 분리를 추진할 계획이며, 성과급의 자사주 지급 방식에 따라 향후 주주환원 정책에 대한 노조의 목소리가 커질 가능성이 있음.","[""자사주 기반 성과급 지급 시 발생할 수 있는 주주환원 요구 및 노조의 경영 참여 범위에 대한 대응 논리 점검"", ""교섭단위 분리 요구 시 공정대표의무 준수 및 사업부별 보상 체계의 합리성·공정성 검토""]",http://www.inews24.com/view/2011682,"Mon, 05 Oct 2026 07:01:00 +0900",2026-10-05T11:15:08.732516+09:00
보상·노사관계,노사관계,[10/05],[노무] '경영성과급·사업경영상 결정'은 노동쟁의 대상 안돼,"• 기업이익과 연동된 경영성과급 요구 및 사업경영상의 결정(합병, 신기술 도입 등)은 원칙적으로 의무적 교섭 및 노동쟁의(파업) 대상에서 제외됨.
• 단, 기업이익과 무관한 고정급 형태의 성과급이나, 경영상 결정으로 인해 근로조건 변동이 구체적으로 예상되는 경우(정리해고 등)는 교섭대상이 될 수 있음.","[""현재 노조가 요구하는 성과급 산정 방식이 기업이익 연동형인지, 고정급 형태인지 확인하여 교섭 의무 여부 검토"", ""사업경영상의 결정과 관련하여 정리해고 등 근로조건 변동이 수반되는지 확인하고, 교섭 대상 여부에 대한 법적 대응 논리 마련""]",https://www.koscaj.com/news/articleView.html?idxno=326800,"Mon, 05 Oct 2026 07:00:00 +0900",2026-10-05T11:15:08.732516+09:00
노동법·정책·판례,노동법,[10/04],고정시간외근로수당(고정OT수당)의 통상임금 반영 여부 [기업 인사노무관리 Q&A],"• 고정시간외수당은 연장근로에 대한 대가로 지급되는 것이므로, 원칙적으로 소정근로의 대가인 통상임금 산정 범위에서 제외됩니다.
• 수당의 명칭과 관계없이 실질적으로 연장근로를 전제로 지급되는지 여부에 따라 통상임금 포함 여부가 결정됩니다.","[""근로계약서 및 취업규칙상 고정시간외수당이 실제 연장근로를 전제로 산정되는지 확인"", ""고정시간외수당이 연장·야간·휴일근로와 무관하게 명목상으로만 지급되고 있지는 않은지 급여 체계 점검""]",https://www.econovill.com/news/articleView.html?idxno=752099,"Sun, 04 Oct 2026 10:00:00 +0900",2026-10-05T11:15:08.732516+09:00
HR 제도·조직운영,조직·근무제도,[10/04],"“대놓고 욕하진 않는데 더 괴롭다”···무시하고, 한숨쉬고, 혀 끌끌 ‘조용한 괴롭힘’에 떠는 직장인들 [이윤정 기자의 소소월드]","• 일본의 '후키하라(불쾌한 태도를 이용한 괴롭힘)' 사례처럼 한숨, 무시, 혀를 차는 등의 조용한 괴롭힘이 직무 스트레스와 번아웃을 유발하고 업무 효율을 저하시키는 조직 내 문제로 부각됨.
• 국내 근로기준법상 직장 내 괴롭힘은 욕설·폭언뿐만 아니라 업무상 적정범위를 넘어 정신적 고통을 주거나 근무환경을 악화시키는 행위를 포함하며, 따돌림과 업무 배제 등도 주요 신고 유형에 해당함.","[""조직 내 무례한 태도나 배제 행위가 반복되는지 파악하고, 이를 예방하기 위한 관리자 대상의 존중 및 예의 교육 프로그램 도입 검토"", ""직장 내 괴롭힘 신고 접수 시, 폭언 외에도 무시나 배제 등 조용한 괴롭힘 유형이 포함될 수 있음을 고려한 내부 조사 및 대응 프로세스 점검""]",https://www.khan.co.kr/article/202610040930001,"Sun, 04 Oct 2026 09:30:00 +0900",2026-10-05T11:15:08.732516+09:00
채용·인력운영,인력변화,[10/04],"[테크 포커스] ""모셔올 땐 언제고 석 달 만에 방출""…메타, AI 안전 전문 인력 무더기 해고","• 메타가 AI 안전 강화를 위해 영입했던 버추 AI 출신 전문가들을 채용 3개월 만에 업무 방식 차이를 이유로 해고함.
• 메타는 외부 규제 기구 설립에 반대하고 자체적인 개발 속도 조절을 강조하는 등, 타 AI 기업들과는 차별화된 인력 운영 및 기술 개발 전략을 고수하고 있음.","[""외부 전문가 영입 시 조직 문화 및 업무 방식 적합성 검증 프로세스 점검"", ""단기 프로젝트성 인력 채용 시 계약 조건 및 조기 퇴사 리스크 관리 방안 검토""]",https://www.cbci.co.kr/news/articleView.html?idxno=612203,"Sun, 04 Oct 2026 09:26:00 +0900",2026-10-05T11:15:08.732516+09:00
채용·인력운영,인력변화,[10/04],"美 바이오 포그혼, 릴리와 항암제 협력 중단… 주가 40% 급락","• 미국 바이오기업 포그혼이 일라이 릴리와의 항암제 공동 개발 중단에 따라 전체 직원의 40%를 감축하는 고강도 구조조정을 단행함.
• 이번 결정은 글로벌 빅파마의 임상 유효성 검증 기준 강화에 따른 것으로, 향후 바이오 업계의 파이프라인 재편 및 인력 운영 전략 변화가 예상됨.","[""사업 전략 변경에 따른 인력 구조조정 시 관련 법령 준수 및 퇴직 절차 적정성 검토"", ""연구개발 파이프라인 축소에 따른 핵심 인력 이탈 방지 및 조직 재배치 계획 수립""]",https://www.g-enews.com/view.php?ud=202610040109043092fda4f5ab74_1,"Sun, 04 Oct 2026 07:24:00 +0900",2026-10-04T11:48:50.702823+09:00
보상·노사관계,노사관계,[10/04],협의 위한 투자 결정 통보가 부메랑으로 돌아온다고? [화우의 노동 인사이트],"• 고용노동부의 '노동쟁의 대상 시행지침'은 경영상 결정 관련 공지나 보고를 근로조건 변동의 '객관적 예상' 근거로 보아, 조기 통보가 오히려 교섭 의무를 앞당기는 '투명성 페널티'로 작용할 위험이 있음.
• 경영상 결정의 노동쟁의 대상 여부는 단순히 회사의 공지 시점이 아니라, 해당 계획이 근로자의 배치, 근무 형태, 임금 등 근로조건에 구체적으로 어떤 영향을 미치는지에 따라 판단되어야 함.","[""경영상의 결정 사항을 노사협의회나 공지 문서로 공유할 때, 해당 계획이 근로자의 고용안정 및 근로조건에 미치는 구체적 영향 범위를 사전에 검토"", ""경영 결정 관련 정보 제공 시, 단순한 계획 통보가 교섭 의무 발생의 징표로 해석되지 않도록 정보의 구체성과 법적 성격을 명확히 구분하여 관리""]",https://www.hankyung.com/article/202610016589i,"Sun, 04 Oct 2026 07:01:00 +0900",2026-10-04T11:48:50.702823+09:00
HR 제도·조직운영,휴가·휴직,[10/04],가족초청행사 열고 출산·수능 선물까지…'가족친화' 삼성웰스토리[유통家화만사성],"• 삼성웰스토리는 법정 기준을 상회하는 임신기 근로시간 단축(임신 12주 초과~32주 미만 포함) 및 가족돌봄휴가(연 20일) 등 모성보호제도를 확대 운영함
• 가족 초청 행사, 자녀 성장 단계별 선물 지급, 사내 어린이집 운영 등 임직원 근속과 복귀율 제고를 위한 가족친화 복리후생을 강화함","[""법정 기준을 초과하는 모성보호제도 도입 시 취업규칙 및 사내 규정 개정 필요성 검토"", ""임직원 복귀율 및 장기 근속 유도를 위한 가족친화 복리후생 제도의 운영 효율성 및 예산 점검""]",https://www.newsis.com/view/NISX20261002_0003812658,"Sun, 04 Oct 2026 07:00:00 +0900",2026-10-04T11:48:50.702823+09:00
채용·인력운영,인력변화,[10/04],보험은 '실손' 저축은행은 '구조조정'…2금융권 국감 키워드,"• 페퍼저축은행의 대규모 인력 감축 및 정리해고 과정에서 발생한 노사 갈등이 국정감사 주요 쟁점으로 부상함.
• 국회는 구조조정의 필요성, 희망퇴직의 자발성, 인력 감축 절차의 적정성 등을 집중적으로 질의할 예정임.","[""사내 구조조정 및 희망퇴직 시행 시 관련 법령 준수 여부 및 절차적 정당성 점검"", ""인력 감축 과정에서 발생할 수 있는 노사 갈등 예방을 위한 소통 프로세스 및 근거 자료 확보""]",https://www.newsway.co.kr/news/view?ud=2026100214350482506,"Sun, 04 Oct 2026 06:38:00 +0900",2026-10-04T11:48:50.702823+09:00
보상·노사관계,보상·임금,[10/04],반도체 호황에 성과급↑…메모리 3사 실적에 '보상비용' 변수,"• 반도체 업계의 실적 호황에 따라 성과급 규모가 확대되면서, 기업 수익성 및 영업이익률에 미치는 비용 부담이 주요 변수로 부각됨.
• 삼성전자와 SK하이닉스 등 주요 기업들이 성과급 지급 상한 폐지 및 특별경영성과급 신설 등 성과 배분 제도를 개편하며 노사 간 보상 체계가 핵심 이슈로 떠오름.","[""자사 성과급 산정 기준 및 재원(영업이익 등) 대비 지급률이 재무적 수익성에 미치는 영향 분석"", ""성과급 제도 개편 시 노사 합의 내용 및 지급 상한 폐지 등 변경 사항에 대한 규정 정비""]",https://www.yna.co.kr/view/AKR20261002151000003?input=1195m,"Sun, 04 Oct 2026 06:09:00 +0900",2026-10-04T11:48:50.702823+09:00
노동법·정책·판례,노동정책,[10/04],"사망사고 반복 시 과징금 수백억원…건설업계 ""경영 압박 커진다""","• 산업안전보건법 개정으로 최근 1년간 근로자 3명 이상 사망 시 영업이익의 최대 5%까지 과징금 부과 가능
• 반복적인 중대재해 발생 시 사업 등록말소·취소 요청 근거 마련 및 하청 근로자의 원청 대상 작업중지 요구권 확대","[""사내 안전·보건조치 의무 이행 현황 및 중대재해 예방 관리 체계 재점검"", ""하청 근로자의 작업중지 요구권 행사에 대비한 현장 공정 관리 및 대응 매뉴얼 정비""]",https://www.newspim.com/news/view/20261002001008,"Sun, 04 Oct 2026 06:00:00 +0900",2026-10-04T11:48:50.702823+09:00
노동법·정책·판례,판례,[10/03],"[Biz&Law] 삼성전자, 美 '히스패닉 직원 차별·보복해고' 소송 합의 종결","• 삼성전자가 미국 법인에서 제기된 히스패닉계 직원의 인종·성별 차별 및 보복 해고 소송을 합의를 통해 종결함.
• 원고는 내부 고충 제기 후 구조조정을 이유로 해고된 것이 보복성 조치라고 주장했으나, 양측 합의로 구체적인 판결 없이 사건이 마무리됨.","[""내부 고충 처리 절차의 공정성 및 고충 제기자에 대한 인사상 불이익 방지 프로세스 점검"", ""구조조정 등 인력 감축 시 대상자 선정 기준의 객관성 확보 및 차별 금지법 위반 리스크 검토""]",http://www.the-biz.co.kr/news/articleView.html?idxno=728772,"Sat, 03 Oct 2026 14:00:00 +0900",2026-10-04T11:48:50.702823+09:00
보상·노사관계,노사관계,[10/03],현대차 무뇨스 “韓 일시적 판매 부진은 제품 경쟁력 아닌 노조 파업 탓”,"• 현대차 경영진이 최근 국내 판매 부진의 주요 원인을 제품 경쟁력이 아닌 노조 파업으로 인한 생산 차질로 공식 지목함.
• 올해 7~8월 총 60시간의 파업으로 약 5만 5천 대의 생산 손실이 발생했으나, 현재는 생산이 정상 궤도에 복귀함.","[""노사 분규로 인한 생산 차질이 매출 및 경영 성과에 미치는 영향 분석 및 보고 체계 점검"", ""임금협상 등 주요 노사 이슈 발생 시 생산량 감소에 따른 리스크 관리 방안 재검토""]",https://www.sedaily.com/article/20097621?ref=naver,"Sat, 03 Oct 2026 10:01:00 +0900",2026-10-04T11:48:50.702823+09:00
오늘의 스마일게이트,,[10/03],"[게임리뷰] 엔씨 '아스트라에 오라티오', 글로벌 CBT 시작(9월5주차)","• 스마일게이트 '로드나인'이 10월 23일 신규 서버 '하칸'을 오픈하며, 6일부터 사전등록을 시작합니다.
• '하칸'은 아티팩트 과금 요소 제거 및 어빌리티 획득 방식 변경 등 기존 서버와 차별화된 '리:메이크 서버'로 운영됩니다.","[""로드나인의 신규 서버 '하칸' 도입이 기존 이용자들의 플레이 경험과 매출 구조에 미치는 영향"", ""엔씨소프트, 크래프톤, 라인게임즈 등 주요 경쟁사의 신작 CBT 및 업데이트가 시장 점유율에 미치는 변화""]",https://www.theguru.co.kr/news/article.html?no=107849,"Sat, 03 Oct 2026 09:36:00 +0900",2026-10-04T11:48:50.702823+09:00
노동법·정책·판례,노동법,[10/03],임금체불 징역 5년 8일 시행…떼인 돈 국가 회수율은 18.1%,"• 임금체불에 대한 법정형이 징역 5년 이하 또는 벌금 5,000만 원 이하로 강화되고, 형사 공소시효도 기존 5년에서 7년으로 연장됨.
• 대지급금 지원 범위가 최종 3개월분에서 6개월분으로 확대되었으나, 확인서 발급일로부터 6개월 이내에 청구하지 않으면 제척기간이 도과함.","[""임금 및 퇴직금 지급 지연 시 상습체불 사업주 지정 및 고용장려금 제한 등 제재 강화에 따른 급여 지급 프로세스 점검"", ""퇴직자 발생 시 임금채권보장법상 대지급금 청구 기한(확인서 발급 후 6개월) 준수 여부 및 관련 행정 절차 확인""]",https://www.imaeil.com/page/view/2026100307150436648,"Sat, 03 Oct 2026 07:19:00 +0900",2026-10-03T11:13:03.375714+09:00
노동법·정책·판례,노동정책,[10/03],육아휴직급여 신청 시기와 제출서류 확인,"• 육아휴직급여는 휴직 시작 1개월 후부터 휴직 종료일 기준 12개월 이내에 신청해야 하며, 매월 또는 일괄 청구가 가능함.
• 2026년 8월 20일부터 1주 또는 2주 단기 육아휴직도 7일 이상 사용 시 급여 수급 대상에 포함됨.","[""고용24 시스템을 통한 육아휴직 확인서 제출 여부 및 적시 등록 프로세스 점검"", ""단기 육아휴직(7일 이상) 제도 도입에 따른 사내 휴가 신청 시스템 및 급여 관리 기준 정비""]",https://www.vegannews.co.kr/news/article.html?no=390681,"Sat, 03 Oct 2026 01:54:00 +0900",2026-10-03T11:13:03.375714+09:00
오늘의 스마일게이트,,[10/02],"이클립스, 두 번째 신규 월드 나왔다","• 스마일게이트 MMORPG '이클립스: 더 어웨이크닝'이 두 번째 신규 월드 '셀린'을 2일 오후 8시 오픈함.
• 신규 월드는 기존 월드와 분리된 매칭 그룹으로 운영되며, 출시 이후 지속되는 이용자 호응에 맞춰 쾌적한 서비스 환경을 제공하기 위함임.","[""신규 월드 추가를 통한 이용자 유입 및 트래픽 분산 효과와 서비스 안정성 유지 여부"", ""기존 월드와 동일하게 제공되는 이벤트 및 보상 정책이 신규 이용자 정착에 미치는 영향""]",https://www.gametoc.co.kr/news/articleView.html?idxno=111959,"Fri, 02 Oct 2026 23:30:00 +0900",2026-10-03T11:13:03.375714+09:00
오늘의 스마일게이트,,[10/02],"로스트아크 ""모르둠 익스트림 하향합니다""","• 로스트아크가 카제로스 레이드 3막 익스트림 나이트메어의 난이도 설계 문제 및 클래스 간 불균형을 인정하고 몬스터 체력 하향 및 밸런스 조정을 결정함.
• 전재학 총괄 디렉터가 이용자 불편에 대해 사과하며, 클리어 기록 보유자 및 입장 기록 보유자를 대상으로 보상을 지급하고 향후 종막 익스트림의 철저한 점검을 약속함.","[""게임 관점: 이번 난이도 조정이 향후 예정된 '종막 익스트림' 콘텐츠의 난이도 설계 및 밸런스 기조에 미칠 영향"", ""사업 관점: 도전적 콘텐츠의 난이도 조절이 이용자 만족도와 장기적인 콘텐츠 참여율에 미치는 피드백 분석""]",https://www.gametoc.co.kr/news/articleView.html?idxno=111955,"Fri, 02 Oct 2026 20:14:00 +0900",2026-10-03T11:13:03.375714+09:00
노동법·정책·판례,노동법,[10/02],"캘리포니아, AI만으로 직원 해고·징계 못한다…뉴섬 주지사 법안 서명","• 캘리포니아주, AI 기반의 해고 및 징계 결정 시 인간의 검토를 의무화하는 '노 로보 보스(No Robo Bosses)' 법안(SB 947) 통과
• AI가 인사 결정의 주된 근거로 사용될 경우, 해당 사실 고지 및 인간 관리자의 추가 정보 확인 절차 필수화","[""AI 기반 인사 평가 시스템 도입 시 인간 관리자의 검토 및 판단 근거 보완 프로세스 마련"", ""AI가 인사 결정에 활용된 경우 근로자에게 제공할 데이터 설명 및 문의처 안내 체계 점검""]",https://www.aitimes.com/news/articleView.html?idxno=215911,"Fri, 02 Oct 2026 17:28:00 +0900",2026-10-03T11:13:03.375714+09:00
오늘의 스마일게이트,,[10/02],"카오스 제로 나이트메어, 1주년 ‘악몽제’ 티징 영상 공개","• 스마일게이트가 서비스하고 슈퍼크리에이티브가 개발한 '카오스 제로 나이트메어'의 1주년 기념 '악몽제' 쇼케이스 티징 영상이 공개되었습니다.
• 10월 10일 온라인 쇼케이스를 통해 업데이트 및 이벤트가 발표되며, 메이드 카페 협업 및 미츠키요 협업 OST 등 1주년 기념 프로모션이 진행될 예정입니다.","[""1주년 쇼케이스를 통해 공개될 신규 업데이트 콘텐츠가 기존 이용자 지표 및 매출에 미칠 영향"", ""메이드 카페 협업 및 외부 작곡가 협업 등 온·오프라인 연계 마케팅의 이용자 반응 및 브랜드 확장성""]",https://www.gamemeca.com/mv.php?inflow=naver&gid=1781309,"Fri, 02 Oct 2026 17:22:00 +0900",2026-10-03T11:13:03.375714+09:00
HR 제도·조직운영,휴가·휴직,[10/02],"주택금융공사, 장기재직휴가 신설…일·가정 양립 지원 강화","• 한국주택금융공사가 장기재직휴가 신설, 자녀돌봄휴가 사유 추가, 육아시간 확대 등을 포함한 인사규정 개정안을 통과시킴.
• 휴가 사용 사각지대 해소를 위한 특례 조치 마련 및 업무 공백 방지를 위한 점진적 제도 도입 방침을 수립함.","[""자사 취업규칙 및 휴가 관련 규정 내 장기재직휴가 도입 및 육아 관련 휴가 확대 필요성 검토"", ""제도 신설 시 발생할 수 있는 업무 공백 방지를 위한 인력 운영 계획 및 휴가 신청 시스템 반영 여부 확인""]",https://www.newsworks.co.kr/news/articleView.html?idxno=855505,"Fri, 02 Oct 2026 17:04:00 +0900",2026-10-03T11:13:03.375714+09:00
보상·노사관계,노사관계,[10/02],"'1500억 손실' 삼성바이오 노조, 2차 파업 예고··· 추가 손실 확대 불가피","• 삼성바이오로직스 노조가 임금 인상 및 인사 제도 개선 합의 실패로 10월 26일부터 3주간 2차 총파업을 예고함.
• 사측은 노조의 15% 임금 인상 요구를 수용하기 어렵다는 입장을 고수하며, 파업 장기화에 따른 생산 공정 중단 및 대규모 손실 발생을 우려함.","[""임금 협상 결렬 시 발생할 수 있는 쟁의행위 유형별 업무 연속성 유지 방안 점검"", ""파업 기간 중 근로시간 관리 및 연장·휴일 근무 거부 등 준법 투쟁에 따른 노무 관리 대응 체계 확인""]",http://www.koreastocknews.com/news/articleView.html?idxno=121577,"Fri, 02 Oct 2026 16:44:00 +0900",2026-10-03T11:13:03.375714+09:00
노동법·정책·판례,판례,[10/02],한화오션 법원 집행정지 신청 기각…원하청 교섭 나선다,"• 법원이 한화오션의 중앙노동위원회 판정 집행정지 신청을 기각하며, 하청 노조에 대한 원청의 단체교섭 의무를 인정함.
• 한화오션은 법원 결정에 따라 하청업체 노조와 단체교섭을 진행하기로 결정함.","[""원청 사업주로서 하청 노조의 교섭 요구에 대한 법적 대응 논리 및 내부 대응 매뉴얼 재검토"", ""하청업체와의 도급 계약 내용 및 실질적 지배·결정 권한 범위에 따른 노사관계 리스크 점검""]",https://www.knnews.co.kr/news/articleView.php?idxno=1552138,"Fri, 02 Oct 2026 15:34:00 +0900",2026-10-03T11:13:03.375714+09:00
노동법·정책·판례,노동정책,[10/02],"경기 버스 노조, 14일 최종 교섭 결렬 시 “29일 총파업” 예고...29개사 1만명 참여","• 경기지역 버스 노조가 서울 버스와의 임금 격차 해소(20%대 인상) 및 후생복지 신설을 요구하며 29일 총파업을 예고함
• 사측은 재정난을 이유로 임금 동결을 고수하고 있으며, 14일 최종 교섭 결렬 시 쟁의 절차를 거쳐 파업에 돌입할 예정임","[""사업장 내 운송 및 물류 관련 노사 협의 현황 및 파업 시 대체 인력 투입 가능 여부 검토"", ""임금 인상 요구안과 관련하여 통상임금 산입 범위 및 관련 판례가 자사 임금 체계에 미치는 영향 분석""]",https://www.kyeonggi.com/article/20261002580267,"Fri, 02 Oct 2026 15:03:00 +0900",2026-10-03T11:13:03.375714+09:00
노동법·정책·판례,판례,[10/02],[칼럼] 법원이 바라보는 저성과자 관리 프로그램과 해고,"• 저성과자 관리 프로그램(PIP)은 해고를 위한 요식행위가 아니라, 공정하고 객관적인 평가와 실질적인 개선 기회를 제공하는 진정성 있는 과정이어야 법적 정당성을 인정받을 수 있음.
• 대법원은 저성과 해고의 정당성을 판단할 때 평가의 객관성, 업무 능력이 사회통념상 고용관계를 유지할 수 없을 정도로 낮은지, 개선 가능성이 없는지 등을 종합적으로 고려함.","[""현재 운영 중인 인사평가 기준이 공정하고 객관적인지 점검"", ""PIP 운영 시 형식적인 절차에 그치지 않고 실질적인 교육 및 직무 재배치 기회를 제공하고 있는지 확인""]",https://www.wolyo.co.kr/news/articleView.html?idxno=318600,"Fri, 02 Oct 2026 14:32:00 +0900",2026-10-03T11:13:03.375714+09:00
채용·인력운영,인력변화,[10/02],"디즈니, TV사업 대대적 구조조정…수백명 감원·조직 통합","• 디즈니가 전통 TV 사업 조직을 스트리밍 중심으로 통합하고 수백 명 규모의 감원을 추진함.
• 조시 다마로 CEO 취임 이후 진행 중인 조직 효율화의 일환으로, 사일로 형태의 사업부를 중앙집중화하여 운영함.","[""사업 구조 재편 시 중복 직무 발생에 따른 인력 재배치 및 감원 프로세스 적법성 검토"", ""조직 통합에 따른 부서별 직무 기술서(JD) 현행화 및 성과 평가 체계 재정비""]",https://www.newsis.com/view/NISX20261002_0003812235,"Fri, 02 Oct 2026 11:38:00 +0900",2026-10-03T11:13:03.375714+09:00
HR 제도·조직운영,평가·인사제도,[10/02],"삼성바이오로직스 노조, ‘협의’로 말만 바꿨다…인사·경영 참여 요구 고수","• 삼성바이오로직스 노사가 임단협 사후조정에서 합의에 실패했으며, 노조가 요구안 수를 90개에서 18개로 줄였으나 인사·경영권 참여 및 영업이익 연동 성과급 요구는 유지함.
• 노조는 일부 조항의 문구를 '합의'에서 '협의'로 완화했으나, 사측은 여전히 경영 판단과 인사 운영의 자율성을 제약할 소지가 있다고 판단하여 실질적인 타협에 이르지 못함.","[""인사평가 및 조직개편 등 경영권 관련 조항이 단체협약상 노사 합의 대상에 포함되어 있는지 여부 점검"", ""영업이익 등 기업 이익의 일정 비율을 성과급 재원으로 명시하는 요구안에 대한 법적 교섭 대상 여부 및 내부 대응 논리 검토""]",http://www.press9.kr/news/articleView.html?idxno=83644,"Fri, 02 Oct 2026 11:08:00 +0900",2026-10-03T11:13:03.375714+09:00
채용·인력운영,채용,[10/02],美 'AI 안전' 직군 채용 1년새 91% 급증,"• 미국 내 'AI 안전' 직군 채용 수요가 1년 새 91% 급증했으며, 주요 기술기업들은 일반 개발자보다 높은 3억~4억 원대 연봉을 제시하며 전문 인력을 확보 중임.
• 국내 기업들 또한 생성형 AI 도입 확대에 따라 기존 보안팀 겸직 형태에서 벗어나 AI 윤리·리스크 관리 전담 조직을 신설하고 관련 경력자를 우대하는 추세임.","[""사내 AI 도입 범위에 따른 AI 윤리 및 리스크 관리 전담 인력의 필요성 검토"", ""AI 관련 신규 직무 신설 시 시장 임금 수준을 고려한 보상 체계 및 채용 프로세스 점검""]",https://www.gokorea.kr/news/articleView.html?idxno=880283,"Fri, 02 Oct 2026 11:00:00 +0900",2026-10-03T11:13:03.375714+09:00
채용·인력운영,채용,[10/02],"포티투닷 글로벌 IT 인재 3명 영입, SDV 경쟁력 강화","• 현대차그룹 포티투닷이 분산컴퓨팅, 음성AI, 자율주행 분야의 글로벌 빅테크 출신 리더급 인재 3명을 영입하며 SDV 기술 경쟁력 강화에 나섬.
• 완성차 업계의 SDV 전환 가속화에 따라 IT 핵심 인재 확보 경쟁이 치열해지며, 연봉·처우 외에도 연구 자율성을 보장하는 조직 문화가 인재 유치의 핵심 요소로 부상함.","[""기술직군 핵심 인재 영입을 위한 보상 체계 및 유연한 조직 문화(연구 자율성 등) 경쟁력 점검"", ""글로벌 거점 확대 및 해외 인재 채용 시 적용되는 현지 노동법 준수 및 인사 관리 프로세스 검토""]",https://www.gokorea.kr/news/articleView.html?idxno=880276,"Fri, 02 Oct 2026 11:00:00 +0900",2026-10-03T11:13:03.375714+09:00
HR 제도·조직운영,조직·근무제도,[10/02],"KT 박윤영, 조직기강 잡는다···'직내괴' 등 5대 근무기강 집중점검","• KT가 연말까지 복무, 예산 집행, 직장 내 질서, 정보보호, 영업품질 등 5대 분야를 대상으로 전사 근무기강 집중점검을 실시함.
• 조직개편 및 인사 시기를 앞두고 과거 적발 사례를 유형별로 제시하며 현장 단위의 내부통제와 조직문화 관리를 강화함.","[""직장 내 괴롭힘 및 성희롱 예방을 위한 사내 규정 준수 여부와 과거 적발 사례 기반의 재발 방지 교육 필요성 점검"", ""법인카드 사용 및 예산 집행 프로세스가 내부 통제 기준에 부합하는지 확인하고 복무 규정 위반 사례 모니터링 강화""]",https://www.sisajournal-e.com/news/articleView.html?idxno=424074,"Fri, 02 Oct 2026 10:10:00 +0900",2026-10-03T11:13:03.375714+09:00
보상·노사관계,노사관계,[10/02],삼성바이오 노사조정 사실상 파국…임금 ‘6.2% 대 15%’ 산정근거 정면충돌 - 약사공론,"• 삼성바이오로직스 노사가 임금 인상률(6.2% vs 15%)과 임금 경쟁력 산정 방식을 두고 이견을 좁히지 못해 사후조정이 사실상 중단됨.
• 회사는 공시 자료 기반의 평균 임금을 근거로 제시했으나, 노조는 직급별 인원 분포가 왜곡될 수 있는 평균값 대신 동일 직급·경력 간 비교를 요구하며 단체행동을 예고함.","[""자사 임금 경쟁력 평가 시 공시 자료 외에 직급별·연차별 실질 임금 분포를 반영한 비교 데이터 체계 점검"", ""임금 협상 결렬 시 발생할 수 있는 단체행동에 대비한 노사관계 리스크 관리 및 비상 대응 프로세스 확인""]",https://www.kpanews.co.kr/news/articleView.html?idxno=545385,"Fri, 02 Oct 2026 07:38:00 +0900",2026-10-02T11:26:54.140718+09:00
보상·노사관계,노사관계,[10/02],‘경제수도 서울’ 잔류 기대 커졌지만…국책은행 노조는 ‘파업 준비’,"• 국책은행 노조가 정부의 2차 공공기관 지방이전 발표(11월 예정)에 대비해 합법적 파업을 위한 쟁의권 확보 절차에 착수함
• 산별교섭에서 '본사 이전 시 노사 합의' 조항이 제외됨에 따라, 국책은행 노조들은 개별 교섭권을 확보하여 공동 대응 및 총파업 가능성을 열어둠","[""본사 이전 등 주요 경영상 결정 시 노사 합의 절차를 규정한 단체협약 조항 유무 점검"", ""쟁의행위 발생 시 업무 연속성 유지를 위한 비상 대응 계획 및 노사 관계 리스크 관리 방안 검토""]",https://www.dailian.co.kr/news/view/1696938/?sc=Naver,"Fri, 02 Oct 2026 07:02:00 +0900",2026-10-02T11:26:54.140718+09:00
오늘의 스마일게이트,,[10/02],"게임업계 ""노동시간 유연화? 필요 없다""","• 스마일게이트는 글로벌 무중단 서비스 유지 및 경쟁력 강화를 위해 근로시간제도 유연화가 필요하다는 입장을 국회 질의에 전달함.
• 반면, 사내 노조 지회장은 게임산업 침체의 원인을 노동시간 부족이 아닌 시장 개척 실패와 개발 포트폴리오 한계로 지적하며 유연화 주장에 반대 입장을 밝힘.","[""글로벌 24시간 무중단 서비스 운영을 위한 효율적인 인력 운영 및 근로시간 제도 개선 논의의 향후 전개 방향"", ""사내 노조와의 의견 차이를 고려한 게임 개발 프로젝트의 효율적 일정 관리 및 조직 내 소통 방안""]",https://www.labortoday.co.kr/news/articleView.html?idxno=237041,"Fri, 02 Oct 2026 06:34:00 +0900",2026-10-02T11:26:54.140718+09:00
노동법·정책·판례,노동정책,[10/02],"산재 반복하면 '영업익 5%'…예방 투자 이끌까, 종이호랑이 될까","• 산업안전보건법 개정안 통과로 1년간 노동자 3명 이상 사망 시 영업이익의 5% 이내 과징금 부과 및 반복적 법 위반 시 사업 등록 말소 요청이 가능해짐.
• 작업중지권 행사 요건이 산재 위험이 '우려되는' 경우까지 확대되었으며, 하청 노동자도 원청에 직접 작업중지를 요구할 수 있게 됨.","[""사내 안전보건 관리체계 및 작업중지권 관련 내부 규정의 적정성 검토"", ""하위법령 시행에 대비한 현장 안전보건 조치 이행 실태 및 재발 방지 노력 기록 체계 점검""]",https://www.nocutnews.co.kr/news/6586227?utm_source=naver&utm_medium=article&utm_campaign=20261002070220,"Fri, 02 Oct 2026 06:12:00 +0900",2026-10-02T11:26:54.140718+09:00
노동법·정책·판례,노동정책,[10/02],[우보세]서울 시내버스 준공영제 개편의 조건,"• 서울시 시내버스 준공영제의 사후 적자 보전 방식이 경영 효율성을 저해하고 파업 시마다 막대한 세금 부담을 초래함에 따라, 사전확정제 도입 등 운영체계 개편 논의가 본격화됨.
• 버스 운송업의 필수공익사업 지정 논의와 더불어, 통상임금 산정 기준시간에 관한 법적 판결이 향후 임금 교섭 및 비용 분담의 핵심 변수로 작용할 전망임.","[""통상임금 산정 기준시간 관련 판결 결과에 따른 임금 체계 및 수당 지급 기준 재검토"", ""준공영제 개편 및 필수공익사업 지정 논의에 따른 노사 협상 전략 및 비용 구조 변화 가능성 점검""]",https://www.mt.co.kr/opinion/2026/10/02/2026093017350693763,"Fri, 02 Oct 2026 04:30:00 +0900",2026-10-02T11:26:54.140718+09:00
채용·인력운영,인력변화,[10/02],"코네티컷 AI법 10월 시행…해고 때 AI 관련성 공개 의무, 챗봇 규제는 2027년부터","• 미국 코네티컷주에서 대량해고 시 AI 활용 여부를 노동부에 의무적으로 공시해야 하는 법안이 10월 1일부터 시행되었습니다.
• 2027년 10월부터는 채용 및 인사 결정에 AI 도구 사용 시 지원자와 직원에게 사전 서면 통지 및 기술 정보를 제공해야 하는 의무가 추가됩니다.","[""대량해고 발생 시 AI 기술 활용 여부를 기록하고 노동부 통지서에 포함할 수 있는 내부 보고 프로세스 점검"", ""향후 채용 및 인사 평가에 AI 도구 도입 시 기술 사용 목적과 개인정보 범위를 고지할 수 있는 안내 체계 및 서면 통지 양식 준비""]",https://www.wikitree.co.kr/articles/1163408,"Fri, 02 Oct 2026 03:10:00 +0900",2026-10-02T11:26:54.140718+09:00
노동법·정책·판례,판례,[10/01],서울교통公 '면죄부' 비판에…재징계 여부 따진다,"• 서울교통공사가 무단결근으로 파면·해임되었다가 복직한 노조 간부 32명에 대해 재징계 절차에 착수함.
• 법원과 노동위원회가 무단결근은 징계 사유로 인정하면서도 기존의 파면·해임 처분은 과도하다고 판단함에 따라, 공사는 사실관계를 재조사하여 적정한 징계 수위를 결정할 예정임.","[""근로시간면제자(타임오프)의 근무 협조 절차 및 근태 관리 규정 준수 여부 점검"", ""징계 처분 시 법원 및 노동위원회의 판단 기준을 고려한 징계 양정의 적정성 검토""]",https://www.hankyung.com/article/2026100185641,"Thu, 01 Oct 2026 18:56:00 +0900",2026-10-02T11:26:54.140718+09:00
오늘의 스마일게이트,,[10/01],"스마일게이트, 경기도경제과학진흥원과 AI 촉진자 양성 프로젝트 실시","• 스마일게이트 희망스튜디오가 경기도경제과학진흥원과 협력해 경기도 내 취약계층 아동·청소년 대상 'AI 촉진자 양성 프로젝트'를 실시합니다.
• 대학생 멘토와 지역아동센터 교사를 AI 촉진자로 양성하여 지역사회 내 지속 가능한 AI 교육 환경을 구축하고, 향후 성과를 바탕으로 경기도 전역으로 교육 모델을 확산할 계획입니다.","[""희망스튜디오의 사회문제 해결 플랫폼 모델이 공공기관과의 협력을 통해 지역사회 교육 생태계에 어떻게 안착하고 확장되는지"", ""이번 프로젝트를 통해 검증된 AI 교육 커리큘럼 및 창작 교육 모델이 향후 스마일게이트의 사회공헌 활동에 어떤 방식으로 적용될지""]",https://www.cstimes.com/news/articleView.html?idxno=722679,"Thu, 01 Oct 2026 17:20:00 +0900",2026-10-02T11:26:54.140718+09:00
채용·인력운영,채용,[10/01],"나이·출신학교 '채용 가이드라인' 한화에어로스페이스, 경찰 고발·인권위 진정 후폭풍 - 생생비즈플러스","• 한화에어로스페이스가 채용 과정에서 나이와 출신학교를 제한하는 내부 가이드라인을 운용해 고령자고용법 위반 혐의로 경찰 고발 및 인권위 진정을 당함.
• 회사 측은 인사 담당자의 개인적 일탈이라 해명하며 사과문을 발표했으나, 시민단체는 채용 전반의 차별 지침 적용 여부에 대한 철저한 수사를 촉구함.","[""채용 가이드라인 및 평가 기준에 연령·출신학교 등 차별적 요소가 포함되어 있는지 전수 점검"", ""채용 담당자 대상 공정채용 관련 법규 준수 및 내부 통제 프로세스 재교육 실시""]",https://www.livebiz.today/news/articleView.html?idxno=205270,"Thu, 01 Oct 2026 16:28:00 +0900",2026-10-02T11:26:54.140718+09:00
노동법·정책·판례,판례,[10/01],'효력 정지 가처분'이 가를 한화오션 운명···노사 '물밑 심리전' 팽팽,"• 한화오션이 원청의 하청 노조 교섭 의무를 인정한 중노위 판정에 불복해 제기한 효력 정지 가처분 결과가 노사 갈등의 분수령이 될 전망임.
• 하청 노조는 원청의 직접 교섭과 성과급 지급을 요구하며 고공 농성을 벌이고 있으며, 사측은 법원 판단 전까지 공동 교섭 불가 방침을 고수하며 대치 중임.","[""원청의 하청 근로자 교섭 의무 관련 법원 판례 및 행정해석 변경 사항 모니터링"", ""사내 협력업체 노조의 교섭 요구 시 원청의 대응 매뉴얼 및 법적 리스크 검토""]",https://www.newsfreezone.co.kr/news/articleView.html?idxno=711908,"Thu, 01 Oct 2026 16:12:00 +0900",2026-10-02T11:26:54.140718+09:00
채용·인력운영,인력변화,[10/01],"농협경제지주, 하나로유통 내년 1월 흡수합병…6년 적자에 구조 재편","• 농협경제지주가 6년 연속 영업손실을 기록한 완전자회사 농협하나로유통을 내년 1월 1일부로 흡수합병함.
• 합병 후 상품 조달·공급은 농협경제지주가, 직영점 운영은 농협유통이 담당하는 구조로 인력 및 기능 재배치가 추진될 예정임.","[""합병에 따른 인력 재배치 과정에서의 고용승계 범위 및 근무지 변경 여부 확인"", ""조직 통합에 따른 직급 체계, 보수 규정 및 인사 제도 조정안 검토""]",http://www.4th.kr/news/articleView.html?idxno=2119032,"Thu, 01 Oct 2026 14:34:00 +0900",2026-10-02T11:26:54.140718+09:00
HR 제도·조직운영,평가·인사제도,[10/01],"정년 65세, 숫자만 늘리면 될까…고용·임금 구조도 과제","• 한국노총이 정년연장 입법을 강력히 촉구함에 따라 법정 정년 상향 또는 퇴직 후 재고용 방식의 제도 변화 논의가 재점화되고 있습니다.
• 전문가들은 정년연장 시 기업의 인건비 부담과 신규채용 위축을 방지하기 위해 연공급 중심의 임금체계 개편과 직무 중심의 인사관리 전환이 필수적이라고 지적합니다.","[""현행 임금체계가 근속연수 중심인지 직무·역할 중심인지 점검하고, 정년연장 시 예상되는 인건비 증가폭 시뮬레이션"", ""고령자 고용 유지와 청년 채용을 동시에 고려한 직무 재설계 및 단계적 은퇴(근로시간 조정 등) 제도 도입 가능성 검토""]",https://www.asiatoday.co.kr/kn/view.php?key=20261001010000325,"Thu, 01 Oct 2026 14:32:00 +0900",2026-10-02T11:26:54.140718+09:00
보상·노사관계,노사관계,[10/01],"노조, 인천 부평구 생활폐기물 하청노동자의 '원청교섭권 인정' 중노위 판정 '환영'","• 중앙노동위원회가 지자체의 생활폐기물 하청노동자에 대한 실질적 사용자성을 인정하며, 원청인 지자체가 하청노조와 직접 교섭해야 한다고 판정함.
• 지자체가 예산 집행을 넘어 근로시간, 작업방식, 산업안전 등 근로조건을 실질적으로 지배·결정하는 지위에 있다고 판단하여 노동부의 기존 해석지침보다 원청의 책임을 폭넓게 해석함.","[""사내 도급 계약 및 업무 위탁 시 원청이 하청 노동자의 근로조건(작업방식, 근로시간 등)에 대해 실질적인 지배력을 행사하고 있는지 점검"", ""원청의 사용자성 인정 범위가 확대되는 추세에 따라, 하청 노조의 교섭 요구 시 대응 논리 및 교섭 의제별 실질적 결정 권한 여부 재검토""]",http://www.incheonnews.com/news/articleView.html?idxno=441227,"Thu, 01 Oct 2026 14:00:00 +0900",2026-10-02T11:26:54.140718+09:00
오늘의 스마일게이트,,[10/01],"게임에 침투한 AI…단순 도구일까, 동료일까","• 스마일게이트의 '이클립스: 더 어웨이크닝'이 런타임 AI 모드를 도입하여 무접속 플레이 및 자동 정비 등 이용자 편의성을 극대화한 사례로 언급됨.
• 게임업계 전반에서 AI가 개발 도구를 넘어 실시간 대화, 행동 대행 등 인게임 핵심 시스템으로 진화하고 있으며, 비용과 지연 시간 해결을 위한 온디바이스 모델 도입이 주요 과제로 부상함.","[""AI 모드 도입에 따른 이용자 피로도 감소 효과 및 서비스 안정성 데이터 분석"", ""향후 라이브 서비스 게임 내 생성형 AI 기술 적용 시 비용 효율성과 가드레일 구축 전략""]",http://www.hansbiz.co.kr/news/articleView.html?idxno=869337,"Thu, 01 Oct 2026 13:08:00 +0900",2026-10-02T11:26:54.140718+09:00
보상·노사관계,보상·임금,[10/01],"한국 P&G, 기업 복지 다시 쓴다…동거인도 8주 유급","• 한국P&G는 법적 가족 범위를 넘어 동거인 및 양부 등 파트너에게도 8주 유급휴가와 경조사비를 지원하는 포용적 복지 제도를 운영 중임.
• 하나은행·국민은행 콜센터 노사가 노란봉투법 시행 이후 원·하청 자율 교섭을 통해 상생협의체를 구성하기로 합의함.","[""사내 복지 규정 내 '가족'의 정의 및 경조사 지원 대상 범위 검토"", ""원·하청 간 교섭 요구 발생 시 대응을 위한 노사관계 관리 프로세스 점검""]",https://www.sedaily.com/article/20096910?ref=naver,"Thu, 01 Oct 2026 10:01:00 +0900",2026-10-02T11:26:54.140718+09:00
보상·노사관계,노사관계,[10/01],"HD현대중공업·HD현대미포, 단협·취업규칙 하나로…통합 요인 노동조건 ′일원화′","• HD현대중공업과 HD현대미포의 단체협약 및 취업규칙을 HD현대중공업 기준으로 일원화하되, 기존 처우 상당수를 유지하고 노사공동협의체를 통해 차이 나는 노동조건을 보완하기로 함.
• 기본급 12만 원 인상 및 각종 격려금 지급과 함께 산업전환에 따른 고용안정, 직무전환, 인사제도 등을 상시 논의할 노사공동협의체를 신설함.","[""사업 통합 시 기존 근로조건의 불이익 변경 여부를 검토하고, 유지할 처우와 통합할 기준을 명확히 구분하여 취업규칙 변경 절차를 준수할 것"", ""산업전환 등 경영 환경 변화에 대비한 노사공동협의체 운영 방안을 수립하고, 근속연수 산정 및 휴직 기간 확대 등 변경된 인사제도를 시스템에 반영할 것""]",https://www.megaeconomy.co.kr/news/newsview.php?ncode=1065572057271298,"Thu, 01 Oct 2026 09:46:00 +0900",2026-10-02T11:26:54.140718+09:00
채용·인력운영,채용,[10/01],ICT 채용도 '경력 우대'…신입 채용 3년만에 반토막,"• ICT 산업 내 신입 채용이 3년 만에 48.8% 급감하며 사실상 반토막이 난 반면, 경력직 채용은 매년 증가하여 지난해 신입 채용 규모를 추월함.
• 특히 SW 개발 및 제작업을 중심으로 신입 채용은 47.4% 감소하고 경력직 채용은 127.8% 급증하는 등 즉시 전력감 중심의 채용 기조가 뚜렷해짐.","[""사내 채용 전략 수립 시 신입 교육 비용 대비 경력직 채용의 효율성 및 인력 수급 계획 재검토"", ""신입 인력 채용 감소에 따른 장기적 기술 인력 확보 방안 및 채용연계형 교육 프로그램 도입 필요성 검토""]",https://www.edaily.co.kr/News/Read?newsId=02712566645608656&mediaCodeNo=257&utm_source=naver&utm_medium=referral&utm_campaign=news_syndication&utm_content=original_article,"Thu, 01 Oct 2026 08:25:00 +0900",2026-10-01T11:17:32.890867+09:00
보상·노사관계,노사관계,[10/01],노동부 '하청노조 와해 의혹' 우창코넥타 원청 압수수색,"• 고용노동부가 하청업체 노조 와해 및 기획파산 의혹과 관련해 원청인 모베이스전자를 압수수색함.
• 원청이 하청업체 경영에 부당하게 개입하여 노조 활동을 방해하고 집단해고를 유도했는지 여부가 수사의 핵심임.","[""원·하청 간 거래 및 경영 개입이 노조법상 부당노동행위로 해석될 소지가 있는지 법적 리스크 점검"", ""계열사 간 자산 매각 및 지분 거래 과정에서 노사 관계에 영향을 미칠 수 있는 경영상 의사결정 절차 검토""]",https://www.labortoday.co.kr/news/articleView.html?idxno=237019,"Thu, 01 Oct 2026 06:34:00 +0900",2026-10-01T11:17:32.890867+09:00
노동법·정책·판례,노동정책,[10/01],"""장애인 노동자중 정신적 장애인, 민간 24.6%인데 공무원 1.7%""","• 전체 장애인 노동자 중 정신적 장애인 비중은 23.1%이나, 공무원 부문 내 정신적 장애인 비중은 1.7%에 불과해 민간기업(24.6%)과 큰 격차를 보임.
• 국회에서는 공무원 부문의 장애인 의무고용률 달성을 위해 중증장애인 대상 필기시험 면제 전형 확대 필요성이 제기됨.","[""현재 우리 회사의 장애인 고용 현황 중 장애 유형별(신체적·정신적) 분포 확인 및 고용 의무 준수 여부 점검"", ""장애인 채용 시 직무 적합성 평가 및 중증장애인 고용 확대를 위한 채용 프로세스 개선 필요성 검토""]",https://www.yna.co.kr/view/AKR20260930166200530?input=1195m,"Thu, 01 Oct 2026 06:03:00 +0900",2026-10-01T11:17:32.890867+09:00
채용·인력운영,채용,[10/01],스페이스X는 이렇게 직원 뽑는다…‘학위’보다 ‘실전’,"• 스페이스X는 학위보다 실제 프로젝트 수행 경험과 문제해결 능력을 최우선으로 평가하며, 면접관보다 뛰어난 잠재력을 가진 인재를 선발하는 데 집중함.
• 주당 최대 60시간 근무와 야간·주말 근무를 포함하는 고강도 업무 환경을 채용 조건으로 명시하고, 직무별로 차등화된 보상 체계를 운영함.","[""현재 채용 평가 프로세스가 학위 중심의 스펙 검증에 치우쳐 있는지, 실무 역량과 문제해결 경험을 구체적으로 파악하는 질문으로 구성되어 있는지 점검"", ""고성과 조직 구축을 위해 직무별 업무 강도와 보상 수준이 시장 경쟁력을 갖추고 있는지, 채용 공고에 업무 환경에 대한 명확한 기대치가 반영되어 있는지 확인""]",https://www.g-enews.com/view.php?ud=2026093022560439609a1f309431_1,"Thu, 01 Oct 2026 05:02:00 +0900",2026-10-01T11:17:32.890867+09:00
오늘의 스마일게이트,,[09/30],"이클립스, '협력전'으로 전투 재미 강화했다","• 스마일게이트 MMORPG '이클립스: 더 웨이크닝'에 최대 5인 파티 던전 '협력전' 업데이트 및 성장 효과 시스템 도입
• 10월 2일 신규 월드 '셀린' 오픈 및 서버 간 던전 매칭 지원을 통한 콘텐츠 접근성 확대","[""신규 월드 '셀린' 도입 이후 서버 간 매칭 시스템이 이용자 체류 시간 및 콘텐츠 소비 속도에 미치는 영향"", ""이용자 피드백을 반영한 AI 모드 확대 및 성장 시스템 개편이 기존 이용자 유지율(Retention)에 미치는 성과""]",https://www.gametoc.co.kr/news/articleView.html?idxno=111890,"Wed, 30 Sep 2026 23:04:00 +0900",2026-10-01T11:17:32.890867+09:00
HR 제도·조직운영,평가·인사제도,[09/30],"우리금융, 은행장 경영승계절차 개시… ""공정·객관성 강화""","• 우리금융이 차기 은행장 선임 시 외부 전문기관의 다면 평가와 자회사 임추위의 독립적 검증 권한을 강화한 새로운 경영승계 프로그램을 도입함.
• 내부 경영진 주도의 정량 평가에서 벗어나, 단계별 압축 기준과 심층 면접 일정을 사전 공개하는 등 선임 과정의 투명성과 객관성을 대폭 강화함.","[""사내 핵심 인재 선발 및 승계 프로세스에 외부 전문기관의 평가를 도입하여 객관성을 확보할 방안이 있는지 검토"", ""임원 후보군 검증 시 정량적 성과 외에 위기관리 능력 및 윤리 경영 역량을 평가할 다층적 검증 지표가 마련되어 있는지 점검""]",http://www.ttlnews.com/news/articleView.html?idxno=3148223,"Wed, 30 Sep 2026 21:56:00 +0900",2026-10-01T11:17:32.890867+09:00
HR 제도·조직운영,평가·인사제도,[09/30],"""팀장 안 해도 연봉 더 받는다고?""…직원 붙잡은 회사의 '파격'","• 연공 중심의 10단계 직급을 직무능력 기반의 L1~L8 레벨제로 개편하고, 관리자 트랙과 전문가 트랙을 분리하여 팀장이 아니어도 높은 보상을 받을 수 있는 성장 경로를 마련함.
• 레벨업 과정을 스스로 성장을 입증하는 '성장 플랫폼'으로 설계하고, 직무 가치와 시장 임금을 반영한 페이밴드 및 목표 달성형 인센티브(TI)를 도입하여 이직률을 5.5%에서 0.9%로 낮춤.","[""현행 직급 체계가 직무 역할 및 기술적 판단을 저해하고 있는지, 직무 중심의 레벨제 도입을 통한 역할·호칭 분리 검토"", ""구성원의 성장 경로를 명확히 제시하기 위한 직무별 역량 정의 및 레벨업 미션(배지 시스템 등) 설계 가능성 점검""]",https://www.hankyung.com/article/2026093059087,"Wed, 30 Sep 2026 21:26:00 +0900",2026-10-01T11:17:32.890867+09:00
보상·노사관계,노사관계,[09/30],"노벨리스코리아 영주공장 직장폐쇄 철회…""10월1일 정상화""","• 노벨리스코리아 영주공장이 지난 8월부터 이어진 파업 및 부분 직장폐쇄를 철회하고 10월 1일부터 공장 운영을 정상화함.
• 사측은 이번 결정이 특정 교섭안 수용이 아닌 경영상 판단임을 명시했으며, 향후 노사 간 임금 및 단체협약 교섭을 지속할 예정임.","[""성과급 산정 기준 및 지급 방식에 대한 노사 간 이견 조율 프로세스 점검"", ""직장폐쇄 철회 및 업무 복귀 과정에서의 안전 관리 및 노사 관계 안정화 조치 확인""]",https://www.newsis.com/view/NISX20260930_0003809618,"Wed, 30 Sep 2026 20:35:00 +0900",2026-10-01T11:17:32.890867+09:00
HR 제도·조직운영,휴가·휴직,[09/30],"동거인도 8주 유급휴가…한국P&G, ‘가족’ 경계 허문 직원 복지","• 한국P&G는 법적 혼인 관계를 넘어 동거인·양부 등 파트너에게도 8주의 유급휴가와 경조사비를 동일하게 지원하는 포용적 복지제도를 운영함.
• 유연근무제(재택근무, 코어시간제)와 더불어 연차 외 유급 유연휴가 5일 및 유급병가 5일을 제공하여 개인 상황에 따른 일·가정 양립을 지원함.","[""사내 복지제도 및 경조사 규정상 '가족'의 정의를 법적 범위 외로 확대할지 여부 검토"", ""유연근무제 및 유급 휴가 제도 도입 시 근로기준법상 휴가 부여 기준과 사내 취업규칙 반영 여부 확인""]",https://www.sedaily.com/article/20096792?ref=naver,"Wed, 30 Sep 2026 18:20:00 +0900",2026-10-01T11:17:32.890867+09:00
노동법·정책·판례,노동법,[09/30],"노란봉투법 반년…‘사용자성 인정’ 원청 6곳, 교섭 불응에 입건","• 노란봉투법 시행 이후 노동위원회로부터 원청의 사용자성을 인정받고도 교섭에 불응하여 부당노동행위로 입건된 기업이 6곳 발생함.
• 노동부가 교섭 절차 이행을 위한 적극적인 행정지도에 나서지 않을 경우, 노조의 고소·고발 등 사법적 대응이 이어질 가능성이 높음.","[""하청 노조로부터 교섭 요구를 받은 경우, 노동위원회의 교섭요구사실 공고 및 교섭대표노조 확정 절차 이행 여부 점검"", ""원청의 사용자성 인정 여부에 따른 단체교섭 거부 시 부당노동행위 리스크 및 고용노동부의 행정지도 대응 방안 검토""]",https://www.hani.co.kr/arti/society/labor/1280236.html,"Wed, 30 Sep 2026 18:10:00 +0900",2026-10-01T11:17:32.890867+09:00
보상·노사관계,노사관계,[09/30],"삼성바이오 노사, 내일 3차 조정…성과급·인사 참여 놓고 ‘평행선’","• 삼성바이오로직스 노사가 임단협 타결을 위해 10월 1일 제3차 사후조정회의를 앞두고 있으나, 성과급 산정 방식과 인사·경영권 참여 등 핵심 쟁점에서 여전히 평행선을 달리고 있음.
• 노조는 임금 인상안과 단협 요구안을 일부 조정했으나, 영업이익 연동 성과급 요구를 유지하고 있으며 사측은 고용노동부 지침을 근거로 이를 쟁의행위 대상으로 보기 어렵다는 입장을 고수 중임.","[""자사 성과급 지급 규정이 노동조합법상 의무적 교섭 대상에 해당하는지 여부 및 고용노동부의 '경영성과급 등 노동쟁의 대상 시행지침' 준수 여부 검토"", ""단체협약 내 인사·평가·징계 등 경영권 관련 조항이 노사 간 합의된 범위 내에 있는지 확인 및 과거 노사 합의사항의 법적 효력 재점검""]",https://biz.chosun.com/science-chosun/bio/2026/09/30/OQXQD7GZ65ANTJ6PLKDY7LCPD4/?utm_source=naver&utm_medium=original&utm_campaign=biz,"Wed, 30 Sep 2026 15:53:00 +0900",2026-10-01T11:17:32.890867+09:00
노동법·정책·판례,노동정책,[09/30],[워킹맘산책] 예비 아빠를 위한 남녀고용평등법 개정 법령 3가지,"• 배우자 출산휴가가 '배우자 출산전후휴가'로 확대되어 출산예정일 50일 전부터 출산 후 120일까지 총 20일(유급)을 자유롭게 분할 또는 몰아서 사용 가능함.
• 배우자 유산·사산휴가(최대 5일)가 신설되었으며, 배우자가 유산·조산 위험이 있는 경우 출산 전이라도 육아휴직 사용이 가능하도록 제도가 확장됨.","[""사내 휴가 신청 시스템 및 취업규칙 내 배우자 출산전후휴가 및 유산·사산휴가 관련 규정 개정 및 반영 여부 확인"", ""배우자 임신 중 육아휴직 신청 시 개시 예정일 7일 전 신청 등 변경된 절차에 따른 인사 관리 프로세스 점검""]",http://www.babytimes.co.kr/news/articleView.html?idxno=74253,"Wed, 30 Sep 2026 15:44:00 +0900",2026-10-01T11:17:32.890867+09:00
HR 제도·조직운영,조직·근무제도,[09/30],공짜노동 근절 나선 정부…기업들 근태관리 체계 재정비 나선다,"• 고용노동부의 포괄임금 오남용 방지 지침 발표 이후, 실제 근로시간에 기반한 연장·야간·휴일근로 수당 산정 및 임금체불 리스크 관리가 기업의 핵심 과제로 부상함.
• 근로시간의 객관적 기록·관리를 위해 엔터프라이즈급 근태관리 시스템 도입 및 기존 시스템 재정비에 나서는 기업이 급증함.","[""실근로시간 기록과 임금명세서상 수당 산정 근거의 정합성 점검"", ""포괄임금 약정의 유효성 검토 및 초과근로 관리 규정 정비""]",https://www.asiatime.co.kr/article/20260930500351,"Wed, 30 Sep 2026 15:12:00 +0900",2026-10-01T11:17:32.890867+09:00
노동법·정책·판례,노동정책,[09/30],[철강 노무 이야기] 고용부 포괄임금 집중점검…철강업도 ‘고정OT’ 다시 살펴야,"• 고용노동부가 포괄임금 및 고정OT 오남용에 대한 기획감독을 강화함에 따라, 실제 근로시간과 지급 수당의 일치 여부 점검이 필수적입니다.
• 고정OT 약정이 있더라도 실제 근로시간에 따른 법정수당이 지급액보다 많을 경우 차액을 추가 지급해야 하며, 근로시간 기록 관리가 감독의 핵심입니다.","[""사무·기술·현장관리직을 포함한 전 직원의 실제 근로시간 기록(출퇴근, 연장·야간·휴일근로)과 임금대장상 수당 지급액의 일치 여부 대조"", ""근로계약서 및 취업규칙 내 고정OT·포괄임금 규정 검토 및 실제 근로시간 기반의 추가 정산 프로세스 마련""]",http://www.ferrotimes.com/news/articleView.html?idxno=50642,"Wed, 30 Sep 2026 14:24:00 +0900",2026-10-01T11:17:32.890867+09:00
노동법·정책·판례,판례,[09/30],"[Biz&Law] DSR 인터내셔널, 미국 前직원 초과근무수당 미지급 피소","• DSR 인터내셔널 미국 법인이 전 직원의 초과근무수당 및 최저임금 미지급 혐의로 미국 연방법원에 집단소송을 당함.
• 원고는 퇴근 후 카카오톡 업무 지시 대응 등 실질적 근로시간이 주 40시간을 초과했음에도 법정 수당을 받지 못했다고 주장함.","[""근무시간 외 메신저 등을 통한 업무 지시가 실질적 근로시간으로 인정될 가능성에 대비한 관리 기준 점검"", ""급여명세서에 정규 근로시간, 초과근로시간, 수당 산정 방식 등이 법령에 따라 명확히 기재되고 있는지 확인""]",http://www.the-biz.co.kr/news/articleView.html?idxno=728556,"Wed, 30 Sep 2026 12:56:00 +0900",2026-10-01T11:17:32.890867+09:00
보상·노사관계,노사관계,[09/30],"HD현대중공업 노사, 120일 만에 임단협 잠정합의…기본급 12만원 인상","• HD현대중공업 노사가 120일간의 교섭 끝에 기본급 12만원 인상 및 일시·성과금(1인당 평균 4056만원 규모) 지급을 골자로 하는 임단협 잠정합의안을 도출함.
• 주요 복지 개선으로 출산 축하 휴가 확대(10일→20일)와 조합원 해고 시 60일 전 예고제 도입 등 제도적 보완책이 포함됨.","[""임금 인상 및 성과금 지급에 따른 급여 테이블 수정 및 임금대장 반영 여부 확인"", ""확대된 출산 축하 휴가 등 복지 제도 변경에 따른 취업규칙 및 사내 규정 개정 필요성 검토""]",https://www.newsworks.co.kr/news/articleView.html?idxno=855126,"Wed, 30 Sep 2026 09:58:00 +0900",2026-10-01T11:17:32.890867+09:00
노동법·정책·판례,노동법,[09/30],"7년 싸워 복직한 대항항공 성희롱 피해자, 일터에서 다시 피해자가 됐다","• 직장 내 성희롱 피해자가 복직 후 부서 배치 과정에서 당초 합의와 다른 업무를 부여받고, 부서장으로부터 과거 소송 이력을 거론하며 낙인찍기 및 퇴출 위협을 받는 등 2차 피해 발생
• 회사의 2차 가해 신고 조사 과정에서 신고 내용과 무관한 인원까지 조사 범위를 확대해 신고자 신원이 노출되고, 조사 기간 중 가해자와 피해자 간 적절한 분리 조치가 미흡하여 피해자 보호 실패","[""직장 내 괴롭힘 및 성희롱 신고 접수 시, 조사 과정에서 신고자의 신원이 노출되지 않도록 조사 범위와 절차를 엄격히 관리하는지 점검"", ""피해자 복직 시 당사자와 합의된 업무 배치 및 보호 조치가 실질적으로 이행되는지 확인하고, 관리자 대상의 피해자 낙인찍기 및 2차 가해 예방 교육 실시 여부 점검""]",https://www.pressian.com/pages/articles/2026092815043208962?utm_source=naver&utm_medium=search,"Wed, 30 Sep 2026 08:30:00 +0900",2026-09-30T11:16:52.922027+09:00
HR 제도·조직운영,조직·근무제도,[09/30],"지니언스, '대한민국 일자리 으뜸기업' 선정…8월부터 주 4.5일제 시범 운영","• 지니언스가 고용노동부 주관 '2026년 대한민국 일자리 으뜸기업'에 선정되어 행정·재정적 지원을 받게 됨.
• 경기도 주 4.5일제 시범사업 참여 및 AI 기반 업무 자동화를 통해 유연근무제 확대와 업무 효율성 제고를 추진함.","[""주 4.5일제 도입 시 근로기준법상 근로시간 준수 및 취업규칙 변경 필요 여부 검토"", ""AI 업무 자동화 도입에 따른 직무 재설계 및 유연근무제 운영을 위한 근태 관리 시스템 정비""]",https://www.hankyung.com/article/2026093034576,"Wed, 30 Sep 2026 08:19:00 +0900",2026-09-30T11:16:52.922027+09:00
노동법·정책·판례,노동정책,[09/30],비정규직 삶의 만족도 낮은 이유…고용형태보다 '사회보험·임금',"• 비정규직의 낮은 생활 만족도는 고용 형태 자체보다 고용보험 미가입, 낮은 임금, 건강 수준 등 구조적 조건에 기인한다는 연구 결과가 발표됨.
• 고용보험 가입 여부와 임금 수준 등을 고려할 때 정규직과 비정규직 간 생활 만족도 격차의 약 76.1%가 설명되는 것으로 나타남.","[""임시·일용직 근로자의 고용보험 가입 누락 여부 및 법적 가입 대상자 관리 현황 점검"", ""초단시간 근로자(주 15시간 미만) 등 고용보험 사각지대 근로자의 처우 및 보상 체계 검토""]",https://www.jnilbo.com/news/articleView.html?idxno=90000069653,"Wed, 30 Sep 2026 08:06:00 +0900",2026-09-30T11:16:52.922027+09:00
노동법·정책·판례,판례,[09/30],"단속 피하려 도망치다 다쳐도 산재…법원, 이주노동자 손 들어줬다","• 미등록 이주노동자가 단속을 피하다 발생한 사고에 대해 법원이 업무상 재해(산재)를 인정함.
• 사업주의 직접적인 도주 지시가 없더라도, 평소 단속 대비 지침이 있거나 묵인된 경우 사업주의 지배관리하에 있는 업무상 재해로 판단함.","[""외국인 근로자 고용 시 적법한 체류 자격 보유 여부 및 관련 서류 재점검"", ""사업장 내 안전 관리 및 비상 대응 매뉴얼에 위법 요소가 포함되어 있는지 확인""]",https://www.sedaily.com/article/20096325?ref=naver,"Wed, 30 Sep 2026 05:02:00 +0900",2026-09-30T11:16:52.922027+09:00
노동법·정책·판례,노동정책,[09/29],[더나은미래 경제브리핑] 엔비디아 204조 원 자사주 매입 ‘美 기업 역대 최대 규모’...은행 영업 시간 30분 줄어든다 - 더나은미래,"• 금융노사, 임금 3% 인상 및 영업시간 30분 단축(내년 4월부터 오전 9시 30분 개점) 잠정 합의
• 육아휴직 대상 초등학교 6학년까지 확대, 주 1시간 자율 출근제 신설 및 근무시간 조정제도 연장 등 일·생활 균형 지원 강화","[""금융권 종사 기업의 경우 변경된 영업시간 및 근무시간 조정제도에 따른 취업규칙 개정 및 시스템 반영 필요"", ""육아휴직 대상 확대 및 자율 출근제 신설에 따른 사내 복리후생 규정 정비 및 근로자 안내""]",https://futurechosun.com/?p=161455,"Tue, 29 Sep 2026 19:18:00 +0900",2026-09-30T11:16:52.922027+09:00
보상·노사관계,노사관계,[09/29],"""은행은 사회 인프라인데""…노사 합의로 영업 단축 논란","• 금융노조와 금융산업사용자협의회 잠정합의에 따라 내년 4월부터 은행 영업시간이 오전 9시에서 9시 30분으로 30분 단축됨.
• 금요일 라스트콜(오후 3시 30분 신규 업무 마감) 도입 및 주 1시간 이내 자율출근제, 조기퇴근 미사용 시 보상휴가 부여 등이 포함됨.","[""영업시간 변경에 따른 취업규칙 및 근로계약서상 소정근로시간 변경 필요 여부 검토"", ""유연근무제(자율출근제) 도입에 따른 근로시간 관리 시스템 및 휴가 관리 규정 정비""]",https://www.sidae.com/article/2026092909113529352,"Tue, 29 Sep 2026 17:26:00 +0900",2026-09-30T11:16:52.922027+09:00
보상·노사관계,보상·임금,[09/29],삼성 반도체 '10년 성과급' 국감 검증대…최승호 증인 출석,"• 삼성전자 노사가 지난 5월 임금협상을 통해 DS부문 사업성과의 10.5%를 재원으로 하는 특별경영성과급 지급에 합의함.
• 해당 성과급 지급의 적정성 및 산정 근거와 관련하여 국회 산업통상자원중소벤처기업위원회 국정감사에서 검증이 진행됨.","[""자사 성과급 지급 기준 및 산정 방식의 투명성과 노사 합의 절차 점검"", ""성과급 관련 노사 간 분쟁 발생 시 대응 가능한 산정 근거 자료 관리 체계 확인""]",http://www.metroseoul.co.kr/article/20260929500472,"Tue, 29 Sep 2026 16:20:00 +0900",2026-09-30T11:16:52.922027+09:00
보상·노사관계,노사관계,[09/29],진용 갖춘 삼성전자 DX노조···협상은 '여전히 가시밭길',"• 삼성전자 DX노조가 신임 위원장 체제를 구축하고 성과급 재협상을 추진 중이나, 기존 단체협약의 평화의무와 교섭창구 단일화 절차 등으로 인해 난항이 예상됨.
• DX부문의 실적 악화와 노조의 보상 요구 간 격차가 크고, 과반노조 부재에 따른 교섭 단위 구성의 복잡성으로 인해 노사 간 갈등이 지속되고 있음.","[""복수노조 사업장의 경우 교섭대표노조 지위 상실 시 교섭창구 단일화 절차 및 개별교섭 동의 여부 재검토"", ""성과급 지급 기준 및 산정 방식에 대한 노사 합의 내용과 단체협약상 평화의무 조항 점검""]",https://www.seoulfn.com/news/articleView.html?idxno=638913,"Tue, 29 Sep 2026 15:44:00 +0900",2026-09-30T11:16:52.922027+09:00
노동법·정책·판례,노동정책,[09/29],"“수출금융 찢어놓을 텐가”…무보 노조, 지방이전 거론에 강력 반발","• 한국무역보험공사 노조가 공공기관 2차 지방이전 대상 거론에 반발하며, 금융기관의 집적도 저하와 수출금융 경쟁력 약화를 우려해 이전 중단을 촉구함.
• 노조 측은 지방이전이 직원들의 주거 및 생활 기반을 강제로 변경하는 중대한 근로조건 변화임을 지적하며, 핵심 인력 유출 및 전문성 약화 가능성을 경고함.","[""사업장 이전 시 근로기준법상 근로조건의 불이익 변경 여부 및 노사 협의 절차 검토"", ""핵심 인력 유출 방지를 위한 인사 정책 및 보상 체계의 적정성 점검""]",https://news.ifm.kr/news/articleView.html?idxno=480488,"Tue, 29 Sep 2026 15:04:00 +0900",2026-09-30T11:16:52.922027+09:00
채용·인력운영,채용,[09/29],국감 도마 위 오른 방산업계···'지분·뇌물·투찰·채용' 사안도 제각각,"• 한화에어로스페이스가 경력직 채용 과정에서 학력 및 연령 제한 가이드라인을 배포했다는 의혹으로 고용노동부 감독 및 국회 교육위원회 증인 출석이 결정됨.
• 방산업계 전반의 경영권 분쟁, 뇌물 공여, 저가 투찰 등 다양한 이슈가 국정감사 주요 안건으로 채택되어 기업 내부통제 및 채용 공정성 관리가 강화될 전망임.","[""채용 가이드라인 및 평가 기준에 직무와 무관한 학력·연령 등 차별적 요소가 포함되어 있는지 전수 점검"", ""채용 프로세스 내 내부 검증 절차를 강화하고, 인사 담당자 대상 채용 절차 공정화법 준수 교육 실시""]",https://www.pointdaily.co.kr/news/articleView.html?idxno=320703,"Tue, 29 Sep 2026 14:28:00 +0900",2026-09-30T11:16:52.922027+09:00
HR 제도·조직운영,휴가·휴직,[09/29],"‘가족’ 넓어지니 기업 복지도 변했다…한국P&G, 동거인도 8주 유급휴가","• 한국P&G는 법률상 혼인 여부와 관계없이 동거인 등을 파트너로 인정하여 8주 유급 출산휴가 및 경조사비를 동일하게 지원함
• 유연근무제와 함께 가족 형태에 구애받지 않는 5일의 유급 유연휴가 및 유급병가를 도입하여 일·가정 양립 지원 범위를 확대함","[""사내 복리후생 규정상 '가족'의 정의를 법률상 혼인 관계 외에 동거인 등 파트너까지 확장할지 여부 검토"", ""유연휴가 및 경조사 지원 대상 확대 시 발생할 수 있는 증빙 서류 기준 및 시스템 반영 방안 확인""]",https://www.etoday.co.kr/news/view/2630407,"Tue, 29 Sep 2026 14:18:00 +0900",2026-09-30T11:16:52.922027+09:00
노동법·정책·판례,노동법,[09/29],"비한국인 채용 거부 혐의…미 EEOC, 현대차 미국 법인 압박","• 미국 EEOC가 현대차 미국 법인을 상대로 비한국인 노동자 채용·승진 차별 혐의 조사를 위한 인사 데이터 제출 강제 소송을 제기함.
• 현대차는 인사 시스템상 데이터 추출의 어려움을 주장했으나, EEOC는 국적 등 필수 인사 정보의 투명한 제출을 요구하며 규제 압박을 강화함.","[""미국 현지 법인의 인사 관리 시스템(HRIS) 내 국적, 채용일, 퇴직 사유 등 필수 고용 데이터의 추출 및 관리 적정성 점검"", ""현지 고용 차별 금지법(Title VII) 준수를 위한 채용 및 승진 프로세스의 투명성 확보 및 컴플라이언스 체계 재정비""]",https://www.g-enews.com/view.php?ud=2026092913470014132bd56fbc3c_1,"Tue, 29 Sep 2026 13:54:00 +0900",2026-09-30T11:16:52.922027+09:00
HR 제도·조직운영,조직·근무제도,[09/29],"KG파이낸셜, 5년 연속 무분규 임단협 타결…복리후생 제도 개편","• KG파이낸셜이 5년 연속 무분규 임단협 타결을 달성하며 노사 간 안정적인 파트너십을 구축함.
• 대내외 경영환경 변화를 반영하여 임직원 근무환경 개선 및 복리후생 제도 개편을 단행함.","[""개편된 복리후생 제도가 취업규칙 및 단체협약 변경 사항에 포함되는지 확인"", ""가족친화인증 및 일·생활 균형 캠페인 참여 등 기업 문화 개선 사례를 자사 복지 제도와 비교 검토""]",https://www.fetv.co.kr/news/articleView.html?idxno=310930,"Tue, 29 Sep 2026 13:28:00 +0900",2026-09-30T11:16:52.922027+09:00
오늘의 스마일게이트,,[09/29],"""더 이상 코딩만 잘해선 안 된다"" … 게임사 채용도 'AI 네이티브' 시대","• 스마일게이트는 공식 채용 체계 내에 'AI(인공지능)' 직무를 별도로 운영하며 전문 인력을 선제적으로 확보하고 있습니다.
• 게임업계 전반에서 AI 활용 역량을 채용 평가에 도입하는 추세에 따라, 기존 개발 직군에서도 AI를 활용한 문제 해결 및 결과물 검증 능력이 중요해지고 있습니다.","[""조직 관점: AI 전문 직무 채용 확대에 따른 사내 AI 기술 내재화 및 기존 개발 직군과의 협업 효율성 강화 방안"", ""시장 관점: 생성형 AI 도입으로 변화하는 개발 프로세스에 발맞춘 실무 중심의 인재 평가 및 검증 체계 고도화""]",https://biz.newdaily.co.kr/site/data/html/2026/09/29/2026092900111.html,"Tue, 29 Sep 2026 11:14:00 +0900",2026-09-30T11:16:52.922027+09:00
노동법·정책·판례,노동법,[09/29],"""비한국인 채용 배제"" 조사…美 EEOC, 현대엔지니어링 법원 제소","• 미국 EEOC가 현대엔지니어링 아메리카의 비한국인 채용·승진 차별 혐의를 조사하는 과정에서, 사측의 자료 제출 거부에 대해 연방법원에 강제 소환장 집행을 위한 '이유제시명령'을 신청함.
• EEOC는 사측이 인사 시스템상 국적 정보 부재를 이유로 자료 제출을 회피하고 있으나, 국토안보부(DHS) 제출 서식 등을 통해 충분히 확인 가능한 정보라고 반박하며 조사를 강화하고 있음.","[""해외 사업장 내 인사 데이터 관리 체계가 현지 노동법상 요구되는 고용 정보(국적, 채용일, 해고 사유 등)를 적법하게 보관하고 있는지 점검"", ""현지 규제 기관의 자료 제출 요구 시 대응 가능한 인사 기록 관리 프로세스 및 법적 소명 절차 확인""]",https://www.the-today.com/news/articleView.html?idxno=90907,"Tue, 29 Sep 2026 08:36:00 +0900",2026-09-29T11:39:28.225083+09:00
보상·노사관계,노사관계,[09/29],"은행 문 여는 시간 30분 늦춘다…금융노사, 5개월 만에 잠정 합의","• 금융권 노사, 내년 4월부터 은행 영업시간을 오전 9시 30분 개점·오후 4시 폐점으로 30분 단축 합의
• 임금 총액 3.0% 인상, 주당 1시간 범위의 자율출근제 도입 및 육아휴직 대상 자녀 연령 확대(초등 6학년까지)","[""유연근무제 도입 및 근로시간 변경에 따른 취업규칙 개정 필요성 검토"", ""육아기 근로시간 단축 및 휴직 제도 확대에 따른 사내 규정 및 인사 시스템 반영 여부 확인""]",https://www.straightnews.co.kr/news/articleView.html?idxno=312091,"Tue, 29 Sep 2026 07:06:00 +0900",2026-09-29T11:39:28.225083+09:00
HR 제도·조직운영,평가·인사제도,[09/29],"정년 연장, ‘언제’보다 중요한 ‘어떻게’ [광장 노동산책]","• 초고령사회 진입에 따라 2029년부터 2037년까지 법정 정년을 65세로 단계적 연장하는 입법 논의가 진행 중입니다.
• 임금체계 개편 시 취업규칙 불이익 변경 절차 완화와 근로자대표 협의 의무화를 골자로 하는 절충안이 검토되고 있습니다.","[""임금피크제 및 임금 조정 설계 시 업무량 감소 등 실질적인 대상조치 마련 여부 점검"", ""재고용 제도 도입 또는 운영 시 기대권 분쟁 방지를 위한 요건 및 절차의 정교화 검토""]",https://www.mk.co.kr/article/12162710,"Tue, 29 Sep 2026 07:01:00 +0900",2026-09-29T11:39:28.225083+09:00
오늘의 스마일게이트,,[09/29],"""가정 지키고싶다""...권혁빈, '2조5500억원 재산분할' 1심에 불복 항소","• 스마일게이트 권혁빈 CVO가 1심의 이혼 및 2조 5,500억 원 규모의 재산분할 판결에 불복하여 항소를 제기함.
• 권 CVO 측은 혼인 관계 유지를 희망하며, 1심의 재산분할 판결이 기업 경영의 불확실성을 초래할 수 있다는 점을 들어 상급심의 판단을 구하겠다는 입장임.","[""재산분할 판결이 향후 스마일게이트 지분 구조 및 경영권 안정성에 미칠 영향"", ""소송 장기화에 따른 기업 대외 이미지 및 경영 활동 전반의 불확실성 해소 여부""]",https://www.fnnews.com/news/202609290625253054,"Tue, 29 Sep 2026 06:52:00 +0900",2026-09-29T11:39:28.225083+09:00
노동법·정책·판례,노동법,[09/29],"""개인 사정이 뭔데요?""…법적 권리인 연차, 현실은 여전히 '눈치 게임'","• 근로기준법상 연차휴가는 근로자의 청구 시기에 부여해야 하며, 사용자는 휴가 사유를 묻거나 제한할 법적 근거가 없음.
• 현장에서는 여전히 휴가 사유 기재 강요 및 눈치 주는 관행이 존재하며, 이를 개선하기 위해 '사유 없는 연차' 제도 도입이 확산하는 추세임.","[""사내 전자결재 시스템 및 휴가 신청 서식 내 '휴가 사유' 필수 입력 항목 삭제 검토"", ""연차 사용을 당연한 권리로 보장하는 조직 문화 조성을 위한 내부 규정 및 인식 개선 방안 점검""]",https://www.newsis.com/view/NISX20260928_0003805312,"Tue, 29 Sep 2026 00:11:00 +0900",2026-09-29T11:39:28.225083+09:00
노동법·정책·판례,노동정책,[09/29],[지금 일본에선(940)] 9월부터 시작된 잔업시간 완화에 직장인과 노동계 반발 확산,"• 일본 후생노동성이 월 45시간 이내로 잔업을 억제하도록 기업에 요구해 온 기존의 일률적인 행정지도를 9월부터 전면 폐지함.
• 법적 상한선(월 100시간, 연 720시간)은 유지되나, 정부의 강력한 잔업 감축 지도 기조가 완화되면서 장시간 근로 부활에 대한 노동계의 반발이 확산됨.","[""해외 사업장(일본) 운영 시 현지 노동기준법상 특별조항 적용 범위 및 근로시간 관리 기준 재검토"", ""잔업 시간 완화에 따른 현지 근로자의 건강권 보호 및 임금 체계(수당 보전 등) 관련 노사 갈등 리스크 점검""]",https://www.news2day.co.kr/article/20260928500314,"Tue, 29 Sep 2026 00:00:00 +0900",2026-09-29T11:39:28.225083+09:00
HR 제도·조직운영,조직·근무제도,[09/28],"‘주 52시간 예외 허용’ 특별연장근로 인가제, 업계 “있는 줄도 몰라...","• 특별연장근로 인가제는 주 64시간까지 근로가 가능하나, 까다로운 인가 요건으로 인해 현장 활용도가 매우 낮음
• 스타트업 경영진 92%와 일반직원 61%가 주 52시간제의 유연한 개편을 요구하고 있음","[""현재 우리 회사의 업무 특성상 특별연장근로 인가 요건(재난, 사고, 업무량 급증 등)에 부합하는지 검토"", ""주 52시간제 준수를 위한 근로시간 관리 시스템 및 유연근무제 도입 현황 점검""]",https://www.ekn.kr/web/view.php?key=20260928023229492,"Mon, 28 Sep 2026 18:04:00 +0900",2026-09-29T11:39:28.225083+09:00
보상·노사관계,노사관계,[09/28],"HJ중공업, 조선업계 첫 2026년 임단협 타결… 노사 ‘신뢰·협력’ 택했다","• HJ중공업 노사가 조선업계 최초로 2026년 임단협을 무분규로 조기 타결하며 생산 공정의 연속성을 확보함.
• 합의안은 기본급 8만 원 인상 및 성과·타결 격려금 총 800만 원 지급을 골자로 하며, 노사 신뢰를 바탕으로 경영 안정성을 강화함.","[""임금 인상 및 격려금 지급에 따른 급여 테이블 수정 및 임금대장 반영 여부 확인"", ""노사 합의 사항에 따른 단체협약 개정 및 사내 규정 현행화 필요성 검토""]",https://sports.donga.com/region/article/all/20260928/134744196/1,"Mon, 28 Sep 2026 17:56:00 +0900",2026-09-29T11:39:28.225083+09:00
노동법·정책·판례,판례,[09/28],"한 회사 청산하고, 대체생산은 계속... 이게 정당한 해고인가?","• 외국인투자기업의 자회사 간 경영상 일체성이 인정될 경우, 근로기준법상 '하나의 사업'으로 보아 정리해고 요건을 적용해야 한다는 법적 쟁점이 대법원 판단을 앞두고 있음.
• 사업 폐지 및 청산 과정에서 관계회사로의 대체생산이나 신규채용이 이루어진 경우, 고용승계 의무 및 통상해고의 정당성 판단 기준이 실무적 핵심 쟁점으로 부상함.","[""계열사 간 인적·물적 조직의 유기적 결합 정도를 파악하여 근로기준법상 '하나의 사업' 해당 여부 및 고용승계 리스크 점검"", ""사업 폐지 또는 구조조정 시 관계회사로의 전적·출향·우선채용 등 고용유지 및 피해 완화 노력이 충분히 검토되었는지 확인""]",https://www.ohmynews.com/NWS_Web/View/at_pg.aspx?CNTN_CD=A0003270028&CMPT_CD=P0010&utm_source=naver&utm_medium=newsearch&utm_campaign=naver_news,"Mon, 28 Sep 2026 17:21:00 +0900",2026-09-29T11:39:28.225083+09:00
보상·노사관계,노사관계,[09/28],"[2026 국감 프리뷰①] 삼성전자 노조 국회 검증대로, N% 성과급부터 비위...","• 삼성전자 노조가 국회 산업통상자원중소벤처기업위원회 국정감사 일반 증인으로 채택됨
• 국회는 삼성전자의 성과급 제도 문제점, 반도체 생산 차질 대응, 노사관계 안정 방안 등을 집중 질의할 예정","[""자사 성과급 산정 기준의 투명성 및 노사 간 합의 절차 점검"", ""노사관계 안정화를 위한 내부 소통 채널 및 갈등 관리 프로세스 재점검""]",https://www.businesspost.co.kr/BP?command=article_view&num=448067,"Mon, 28 Sep 2026 16:28:00 +0900",2026-09-29T11:39:28.225083+09:00
채용·인력운영,채용,[09/28],"한화에어로스페이스, ‘연령·특정대학’ 채용조건 논란…'대표사과·책임자 징계' 미봉책? - 잡포스트(JOBPOST)","• 한화에어로스페이스가 채용 과정에서 연령 및 특정 대학 출신을 제한하는 내부 가이드라인을 작성해 논란이 발생함.
• 고용노동부가 해당 채용 기준의 실제 적용 여부 및 차별 여부에 대한 감독에 착수함.","[""채용 가이드라인 및 평가 기준에 연령, 학벌 등 직무와 무관한 차별적 요소가 포함되어 있는지 전수 점검"", ""채용 프로세스 전반에 걸쳐 공정 채용 원칙 준수 여부를 확인하고 임직원 대상 공정 채용 교육 실시""]",https://www.job-post.co.kr/news/articleView.html?idxno=229408,"Mon, 28 Sep 2026 16:20:00 +0900",2026-09-29T11:39:28.225083+09:00
노동법·정책·판례,노동법,[09/28],고성 오뚜기SF 공장서 40대 노동자 압착 사망,"• 오뚜기SF 고성공장에서 도급업체 노동자가 로봇 적재 설비(로보타이저) 재가동 중 끼임 사고로 사망함.
• 고용노동부와 경찰이 중대재해처벌법 및 산업안전보건법 위반 여부를 조사 중이며, 해당 현장에는 작업 중지 명령이 내려짐.","[""자동화 설비 재가동 시 작업자 위치 확인 및 동력 차단 절차(LOTO) 준수 여부 점검"", ""도급업체 작업자에 대한 안전보건 교육 및 현장 위험성 평가 이행 실태 확인""]",https://www.mk.co.kr/article/12162777,"Mon, 28 Sep 2026 16:11:00 +0900",2026-09-29T11:39:28.225083+09:00
보상·노사관계,노사관계,[09/28],"노사협력 위해 참석했는데 '사용자'?…SK인텔릭스, 노란봉투법의 역설","• SK인텔릭스가 자회사 노사 교섭을 지원하기 위해 상견례에 참석했으나, 노조 측이 이를 원청의 사용자성 인정으로 해석하며 부당노동행위 구제신청을 제기함.
• 법조계는 교섭요구 사실 공고나 상견례 참석만으로 원청의 단체교섭 의무가 당연히 발생하는 것은 아니라는 견해를 보이며, 향후 원청의 자발적 노사 협력 지원이 위축될 가능성을 우려함.","[""자회사 또는 협력사 노사 교섭 지원 시, 원청의 사용자성 논란을 방지하기 위한 교섭 참여 범위 및 의사결정 프로세스 재점검"", ""노동조합의 교섭 요구 시 공고 절차와 실질적인 단체교섭 의무 발생 여부에 대한 법적 판단 기준 확인""]",https://www.apnews.kr/news/articleView.html?idxno=3051553,"Mon, 28 Sep 2026 16:08:00 +0900",2026-09-29T11:39:28.225083+09:00
노동법·정책·판례,판례,[09/28],퇴사할 때 '내 업무 파일' 맘대로 지워도 괜찮을까 [질문의 기술],"• 직무 범위 내에서 작성한 업무 파일은 본인이 직접 만들었더라도 회사의 자산이며, 퇴사 시 무단 삭제할 경우 '전자기록 등 손괴죄' 및 '업무방해죄'가 적용될 수 있음.
• 법원은 업무 파일 삭제를 타인의 자산을 고의로 훼손한 중범죄로 판단하며, 영업비밀 유출 시 관련 법률 위반 혐의까지 더해져 실형 선고가 가능함.","[""퇴사자 발생 시 업무 데이터의 무단 삭제 및 유출 방지를 위한 정보 접근 권한 관리 시스템 점검"", ""인수인계 절차를 명문화하고, 업무 자료의 소유권이 회사에 있음을 명시하는 보안 서약서 및 취업규칙 준수 여부 확인""]",https://www.thescoop.co.kr/news/articleView.html?idxno=311636,"Mon, 28 Sep 2026 12:33:00 +0900",2026-09-29T11:39:28.225083+09:00
오늘의 스마일게이트,,[09/28],"스마일게이트 '크로스파이어', AAA 서사 대작으로 새 옷 입다","• 스마일게이트가 북미 스튜디오 '댓츠노문'과 함께 자사 IP '크로스파이어'를 활용한 AAA급 3인칭 전술 액션 어드벤처 신작을 개발 중입니다.
• 기존 온라인 FPS 장르에서 탈피해 싱글플레이 중심의 내러티브 게임으로 전환하며, 서구권 콘솔 시장 공략을 본격화합니다.","[""제품 관점: 언리얼 엔진 5 기반의 '적응형 엄폐' 시스템과 스텔스 전투 등 차세대 콘솔 환경에서의 기술적 완성도 및 최적화 수준"", ""시장 관점: 라이브 서비스 모델을 배제한 프리미엄 패키지 게임으로서 서구권 하이엔드 콘솔 시장 내 경쟁력 확보 여부""]",https://www.gamevu.co.kr/news/articleView.html?idxno=61062,"Mon, 28 Sep 2026 10:34:00 +0900",2026-09-29T11:39:28.225083+09:00
보상·노사관계,노사관계,[09/28],'반세기 만의 파업' 포스코… 10월 2일 노조 선거에 임협 향방 걸렸다,"• 포스코 노조가 10월 2일 위원장 선거를 앞두고 임금 협상을 일시 중단함에 따라, 차기 집행부의 성향에 따라 교섭 전략과 요구안이 전면 재편될 전망입니다.
• 현 집행부의 강경 투쟁 기조 유지와 비주류 후보의 직군별 수당 신설 및 쇄신안이 대립하고 있어, 선거 결과가 향후 노사 관계 및 임금 교섭의 분수령이 될 것으로 보입니다.","[""우리 회사의 직군별 임금 체계가 특정 집단 간의 박탈감을 유발하지 않는지 점검하고, 직군 신설 시 발생할 수 있는 노노 갈등 요인 사전 파악"", ""노조 집행부 교체 시기 교섭 전략의 급격한 변화 가능성을 대비하여, 기존 노사 합의 사항의 이행 여부 및 차기 교섭 의제에 대한 내부 대응 시나리오 검토""]",https://www.straightnews.co.kr/news/articleView.html?idxno=312014,"Mon, 28 Sep 2026 10:24:00 +0900",2026-09-29T11:39:28.225083+09:00
보상·노사관계,보상·임금,[09/28],베트남 최저임금 7.2% 인상…“시급 단순 계산했다간 큰코다쳐”,"• 2026년 1월 1일부터 베트남 지역별 최저임금이 평균 7.2% 인상됨에 따라 현지 진출 기업의 인건비 예산 재점검이 필요합니다.
• 법정 최저임금은 최소 기준일 뿐, 실제 시장임금은 직무·경력·수급 상황 및 연장·야간·휴일근로수당 등을 포함한 총고용비용 관점에서 접근해야 합니다.","[""사업장 소재지별 지역 등급을 확인하여 2026년 최저임금 인상분이 기본급 및 각종 수당 산정에 미치는 영향 분석"", ""연장·야간·휴일근로수당, 법정 보험료, 복리후생비를 포함한 총고용비용 기준으로 인건비 예산 재편성 및 임금체계 점검""]",http://www.worklaw.co.kr/view/view.asp?accessSite=Naver&accessMethod=Search&accessMenu=News&in_cate=127&in_cate2=0&gopage=1&bi_pidx=39596,"Mon, 28 Sep 2026 09:32:00 +0900",2026-09-29T11:39:28.225083+09:00
노동법·정책·판례,노동법,[09/27],거부 못 하는 남녀고용평등법 허점… 구조조정 맞물려 ‘육아휴직 분쟁’ 급증,"• 구조조정이나 징계 등 인사 조치를 앞둔 근로자가 육아휴직을 신청하여 이를 회피하거나, 휴직 중 타 사업을 영위하는 사례가 발생하며 제도 악용 논란이 제기됨.
• 현행 남녀고용평등법상 사업주는 육아휴직 신청을 원칙적으로 거부하기 어렵고 휴직 중 해고가 금지되어 있어, 권리 행사와 제도 남용 사이의 경계 판단이 실무적 쟁점으로 부상함.","[""육아휴직 신청 시점과 인사 조치 예정 시기가 맞물릴 경우, 신청 경위 및 정당성 검토를 위한 내부 프로세스 점검"", ""육아휴직 중 타 사업 영위 등 제도 취지에 어긋나는 행위 발생 시, 육아휴직급여 수급 제한 및 징계 가능 여부에 대한 법적 검토""]",https://www.thepublic.kr/news/articleView.html?idxno=320134,"Sun, 27 Sep 2026 08:18:00 +0900",2026-09-27T10:39:39.674453+09:00
채용·인력운영,인력변화,[09/27],"3년새 손실 960억 줄였다…GS리테일, 요기요 심폐소생 '사활'","• GS리테일이 투자한 배달 플랫폼 '요기요'가 고강도 비용 효율화와 희망퇴직을 통한 조직 슬림화로 3년 새 영업손실을 약 86% 축소함.
• 단순 인력 감축을 넘어 로봇 배달 도입 등 신사업 추진과 O4O(Online for Offline) 모델 고도화를 통해 본업과의 시너지를 창출하는 체질 개선을 진행 중임.","[""조직 슬림화 및 비용 효율화 과정에서 발생할 수 있는 잔류 인력의 업무 과부하 및 조직 문화 변화 점검"", ""신사업(로봇 배달 등) 도입에 따른 직무 재설계 및 관련 인력의 역량 강화 교육 필요성 검토""]",https://www.theguru.co.kr/news/article.html?no=107385,"Sun, 27 Sep 2026 06:32:00 +0900",2026-09-27T10:39:39.674453+09:00
채용·인력운영,인력변화,[09/27],AI가 없앤 신입 ‘잡무’…기업들 ‘모의업무’로 경험 채운다,"• AI가 신입사원의 반복적인 잡무를 자동화함에 따라, 업무 숙련과 판단력 형성에 필요한 '경험 결핍(experience starvation)' 문제가 대두되고 있습니다.
• 기업들은 이를 해결하기 위해 AI 기반 시뮬레이션, 역할극, 부트캠프 등 인위적인 모의 업무 훈련을 도입하여 신입 직원의 실무 역량을 보완하고 있습니다.","[""AI 도입으로 인해 신입사원이 기존에 수행하던 반복 업무가 사라짐에 따라, 대체할 수 있는 실무 교육 및 시뮬레이션 프로그램 마련 필요성 검토"", ""신입사원이 AI 결과물을 검토하고 판단할 수 있는 역량을 갖추도록, 단순 업무 숙달 대신 AI 활용 능력과 비판적 사고를 강화하는 교육 커리큘럼 재설계""]",https://www.g-enews.com/view.php?ud=2026092622214612569a1f309431_1,"Sun, 27 Sep 2026 04:02:00 +0900",2026-09-27T10:39:39.674453+09:00
노동법·정책·판례,판례,[09/26],"""추석 상품권 받았을 뿐인데…"" 30년 다닌 직장서 '날벼락' [김대영의 노무스쿨]","• 형사상 무혐의 처분을 받았더라도, 사내 규정 위반 및 직무상 관리 책임이 인정된다면 징계해고는 정당할 수 있음.
• 관리자는 비위 사실을 인지한 즉시 시정 조치뿐만 아니라, 과거의 잘못된 보고를 바로잡고 사후 책임을 다해야 할 의무가 있음.","[""수사 결과와 별개로 사내 취업규칙 및 징계 규정에 따른 징계 사유 성립 여부를 독립적으로 검토하는 프로세스 마련"", ""관리자의 직무상 관리 책임 범위와 비위 인지 시 보고 및 사후 조치 의무를 명확히 규정한 사내 컴플라이언스 지침 점검""]",https://www.hankyung.com/article/202609219328g,"Sat, 26 Sep 2026 18:01:00 +0900",2026-09-27T10:39:39.674453+09:00
노동법·정책·판례,노동법,[09/26],연차촉진 통보 마감 10월 31일… 메일로 때우면 수당 100% 남는다,"• 연차사용촉진제도는 1차(6개월 전)와 2차(2개월 전) 절차를 모두 서면으로 이행해야 하며, 단순 단체 메일이나 게시판 공지는 법적 효력이 없습니다.
• 적법한 촉진 절차를 거쳤더라도 지정된 휴가일에 근로자가 출근했을 때 회사가 명확히 노무수령 거부 의사를 표시하지 않으면 연차수당 지급 의무가 발생합니다.","[""연차사용촉진 통보가 개별 근로자에게 서면(또는 전자결재 시스템 내 전자서명)으로 적법하게 전달되었는지 확인"", ""촉진 대상자가 지정 휴가일에 출근할 경우를 대비해 PC 차단 등 명확한 노무수령 거부 절차와 증빙 체계가 마련되어 있는지 점검""]",https://www.imaeil.com/page/view/2026092615565422025,"Sat, 26 Sep 2026 16:10:00 +0900",2026-09-27T10:39:39.674453+09:00
HR 제도·조직운영,조직·근무제도,[09/26],성과급 넘어 ‘의자 전쟁’…삼성도 허먼밀러 전면 도입,"• 삼성전자 DS부문이 전 사업장을 대상으로 대당 200만 원 상당의 허먼밀러 의자를 내년 하반기까지 순차적으로 도입함.
• 반도체 업계의 인재 확보 경쟁이 연봉·성과급 등 금전적 보상을 넘어 사무 환경 및 복지 인프라 개선으로 확대되는 추세임.","[""임직원의 업무 몰입도와 건강 증진을 위한 사무용 가구 및 장비의 교체 주기와 예산 편성 적정성 검토"", ""근무 환경 개선에 대한 직원들의 요구사항을 파악하기 위한 사내 만족도 조사 또는 노사 협의 채널 운영 여부 점검""]",https://www.sedaily.com/article/20094603?ref=naver,"Sat, 26 Sep 2026 14:01:00 +0900",2026-09-27T10:39:39.674453+09:00
HR 제도·조직운영,평가·인사제도,[09/26],"민간 VC로 간 前인사혁신처장…스톤브릿지, 이례적 영입 배경은","• 스톤브릿지벤처스가 30년 경력의 전 인사혁신처장을 비상근 고문으로 영입하여 투자기업의 HR 체계 구축 및 조직 운영 자문을 맡김
• 공공부문 인사 전문가의 영입이 민간 스타트업의 채용·평가·보상 등 실무적 HR 현안 해결에 실질적인 도움이 될지에 대해 업계 내 의문이 제기됨","[""공공기관의 인사제도와 민간 기업의 성과 중심 HR 체계 간의 차이점 분석 및 우리 회사 제도와의 정합성 검토"", ""투자사나 외부 자문 활용 시, 스타트업 성장 단계별 특수성(스톡옵션, 핵심 인재 확보 등)을 반영한 실무적 조언인지 확인""]",https://www.sedaily.com/article/20094937?ref=naver,"Sat, 26 Sep 2026 11:01:00 +0900",2026-09-27T10:39:39.674453+09:00
보상·노사관계,노사관계,[09/26],"[이슈분석] 통합 코앞인데 ‘삐걱’…대한항공, 밖에선 고발 의견, 안에선 조종사 갈등","• 대한항공과 아시아나항공이 12월 17일 통합 법인으로 출범하며, 편명·마일리지·우수회원 체계 등 인사 및 운영 시스템의 통합이 진행 중입니다.
• 통합 과정에서 공정위의 공급좌석 유지 조건 이행 문제와 조종사 노조와의 시니어리티(승격 서열) 통합 및 처우 개선을 둘러싼 노사 갈등이 심화하고 있습니다.","[""조직 통합 시 기존 인사 체계와 상이한 평가·보상 기준의 정합성 및 노사 합의 절차 준수 여부 점검"", ""필수유지업무 대상 사업장인 경우, 노사 갈등으로 인한 쟁의행위 발생 시 대체 인력 투입 및 운영 연속성 확보 방안 검토""]",https://www.thepublic.kr/news/articleView.html?idxno=319870,"Sat, 26 Sep 2026 09:28:00 +0900",2026-09-27T10:39:39.674453+09:00
채용·인력운영,채용,[09/26],제조업·건설업도 AI 인재 확보전…채용부터 교육까지 'AI 내재화' 가속,"• AI 직무 채용 공고가 전년 대비 128% 증가했으며, 특히 개발직군 외에도 AI 기획·콘텐츠·사업전략 등 비개발 직무의 수요가 325% 급증함.
• 제조업·건설업계가 AI 엔지니어 직무 신설, 사내 AI 경진대회 개최, 채용 전형 내 AI 문제해결력 검증 도입 등 전사적 AI 내재화와 인재 육성에 집중하고 있음.","[""채용 전형 내 AI 활용 역량 및 문제해결력을 검증할 수 있는 평가 문항과 프로세스 도입 검토"", ""현업 부서의 AI 활용도 제고를 위한 사내 교육 과정 재편 및 실무 중심의 AI 역량 강화 프로그램 운영 여부 점검""]",https://sports.hankooki.com/news/articleView.html?idxno=6940288,"Sat, 26 Sep 2026 09:00:00 +0900",2026-09-27T10:39:39.674453+09:00
노동법·정책·판례,노동법,[09/26],"'아동복 베베드피노' 더캐리, 9억원대 임금체불… ‘가짜 3.3’ 계약 293명 확인","• 아동복 브랜드 '더캐리'가 근로기준법상 임금(연장·휴일수당, 퇴직금 등) 약 9억 2천만 원을 체불하여 고용노동부 기획감독 적발
• 근로자성을 부정하고 개인사업자 계약을 맺는 이른바 '가짜 3.3 계약'을 통해 사용자 책임을 회피한 사례 293건 확인","[""실질적인 지휘·감독 관계에 있는 프리랜서 및 위촉직 계약자의 근로자성 재검토"", ""연장·휴일근로수당 및 퇴직금 산정 시 누락된 근로시간이나 미지급 항목이 없는지 임금대장 전수 점검""]",https://www.ibabynews.com/news/articleView.html?idxno=154791,"Sat, 26 Sep 2026 08:54:00 +0900",2026-09-26T10:48:02.489754+09:00
오늘의 스마일게이트,,[09/26],"자금 조달부터 해외 판로까지… 대형 게임사, 인디게임 육성 나섰다","• 스마일게이트는 ‘스토브인디’를 통해 크라우드펀딩, MG, 퍼블리싱 등 인디게임의 개발부터 사업화까지 전방위적 지원을 제공하며 3,500개 이상의 입점 게임을 확보함.
• 최근 인디게임 개발사를 브랜드로 육성하는 지원 레이블 ‘인디케이터’를 신설하여 홍보, 커뮤니티 관리, 스토어 출시 등 개발 외 업무를 대행하며 창작자의 제작 집중 환경을 조성함.","[""인디케이터 레이블을 통한 인디게임 브랜드화 전략의 성과 및 장기적 팬덤 확보 사례 분석"", ""스토브인디 플랫폼의 입점 게임 확대와 연계된 인디게임 생태계 내 스마일게이트의 시장 영향력 변화""]",https://it.chosun.com/news/articleView.html?idxno=2023092170709,"Sat, 26 Sep 2026 05:00:00 +0900",2026-09-26T10:48:02.489754+09:00
노동법·정책·판례,노동정책,[09/26],배우자 출산휴가 출산 전 50일부터…돌봄제도 3종 시행,"• 배우자 출산휴가 기간이 총 20일로 확대되고 사용 가능 시기가 출산예정일 50일 전부터 출산 후 120일까지로 조정됨.
• 임신 중인 배우자의 유산·조산 위험 시 출산 전 육아휴직 사용이 가능해졌으며, 배우자 유산·사산휴가(5일)가 신설됨.","[""사내 취업규칙 및 휴가 관련 규정의 배우자 출산휴가 및 육아휴직 조항 개정"", ""휴가 신청 시스템 내 배우자 출산휴가 기간 및 유산·사산휴가 항목 반영""]",https://www.vegannews.co.kr/news/article.html?no=387769,"Sat, 26 Sep 2026 04:00:00 +0900",2026-09-26T10:48:02.489754+09:00
오늘의 스마일게이트,,[09/25],'로스트아크' 카제로스 레이드 3막·종막 '익스트림' 추가,"• 로스트아크 카제로스 레이드 3막과 종막에 강화된 패턴의 기간 한정 콘텐츠 '익스트림' 난이도를 추가하고 보상을 개편함.
• 업데이트 기념 치지직 드롭스 이벤트 및 가을·추석 맞이 '말랑콩떡 수확제' 등 인게임 이벤트로 이용자 참여를 독려함.","[""익스트림 난이도 도입에 따른 고레벨 이용자의 콘텐츠 소비 속도 및 참여율 변화"", ""이벤트 및 보상 개편이 신규·복귀 이용자 유입과 기존 이용자 리텐션에 미치는 영향""]",https://www.maniareport.com/view.php?ud=202609252219175318cecffa9387_19,"Fri, 25 Sep 2026 22:24:00 +0900",2026-09-26T10:48:02.489754+09:00
오늘의 스마일게이트,,[09/25],무형 콘텐츠 넘어 오프라인 공간으로… 국내 IP 비즈니스 영역 다변화,"• 스마일게이트가 제주 서귀포에 지역 설화 '돌코냉이'를 모티브로 한 오프라인 전용 신규 IP 테마파크 '돌코리숲'을 개장함.
• 돌코리숲은 자체 세계관과 캐릭터를 바탕으로 전시, 체험형 어트랙션, 대형 조형물 '탠저린 캣' 등을 통해 오프라인 공간 자체를 IP화하는 전략을 추진 중임.","[""기존 게임 IP 활용 방식에서 벗어난 오프라인 전용 신규 IP의 사업적 확장성과 수익 모델 검증"", ""오프라인 공간 내 콘텐츠 지속 확충을 통한 방문객 유입 및 브랜드 경험 강화 전략""]",https://www.discoverynews.kr/news/articleView.html?idxno=1102569,"Fri, 25 Sep 2026 20:44:00 +0900",2026-09-26T10:48:02.489754+09:00
오늘의 스마일게이트,,[09/25],"스마일게이트, ‘이클립스’ 이용자와 자립준비청년 공간 조성","• 스마일게이트가 게임 '이클립스' 이용자와 함께 자립준비청년을 위한 주거 공간 '이클립스 하우스'를 조성하고 리모델링 및 맞춤형 지원을 제공합니다.
• 안산시 '스마일하우스 2호'를 시작으로 지역 내 32개 그룹홈으로 지원 대상을 확대할 예정이며, 다음 달 9일까지 이용자 참여형 기부 캠페인을 진행합니다.","[""희망스튜디오의 기존 아동 보호·자립 지원 사업과 게임 IP를 연계한 사회공헌 모델의 확장성"", ""이용자 참여형 기부 캠페인이 게임 커뮤니티 및 브랜드 이미지 제고에 미치는 영향""]",https://www.kmib.co.kr/article/view.asp?arcid=9000017259&cp=nv,"Fri, 25 Sep 2026 19:13:00 +0900",2026-09-26T10:48:02.489754+09:00
채용·인력운영,인력변화,[09/25],[위클립] 9월 4주,"• 참여와혁신에서 발행한 9월 4주 차 산업 및 노동 분야 위클립이 게시되었습니다.
• 해당 기사는 유료 회원 전용 콘텐츠로, 로그인 후 열람이 가능합니다.","[""사내 구독 중인 노동 전문 매체의 최신 업데이트 내용 확인"", ""유료 구독 계정의 접근 권한 및 로그인 상태 점검""]",https://www.laborplus.co.kr/news/articleView.html?idxno=41552,"Fri, 25 Sep 2026 16:05:00 +0900",2026-09-26T10:48:02.489754+09:00
노동법·정책·판례,판례,[09/25],[비즈톡톡] 삼성바이오로직스 통상임금 재판 공전…삼성화재 영향?,"• 삼성화재 직원들이 명절 귀성여비와 개인 연금 지원금을 통상임금에 포함해 수당 차액을 지급하라는 소송을 제기함.
• 2023년 11월 1심에서 원고 일부 승소 판결이 내려졌으며, 현재 삼성바이오로직스 등 유사 소송의 진행 상황이 주목받고 있음.","[""자사 임금 항목 중 명절 귀성여비나 복리후생비가 통상임금 산정 범위에 포함되어 있는지 점검"", ""최근 통상임금 관련 판례 추이를 바탕으로 현재 임금 체계의 법적 리스크 검토""]",https://biz.chosun.com/science-chosun/bio/2026/09/25/CFZ2BJO2CJABLJA6AQSSV57P7Q/?utm_source=naver&utm_medium=original&utm_campaign=biz,"Fri, 25 Sep 2026 12:00:00 +0900",2026-09-26T10:48:02.489754+09:00
보상·노사관계,노사관계,[09/25],"노조와 성과급 씨름, 무배당 익숙한 주주들 보기엔…","• 삼성바이오로직스 노조가 기존의 성과급 지급률 인상 요구에서 나아가 영업이익의 일정 비율을 성과급 재원으로 배분할 것을 요구하며 노사 갈등이 심화됨.
• 대규모 유상증자와 무배당 기조 속에서 임직원 보상 확대가 주주환원 재원 축소로 이어질 수 있다는 우려가 제기되며, 노사 협상이 기업의 성장 투자와 주주 가치 배분 원칙을 결정하는 시험대가 됨.","[""영업이익 연동 성과급 도입 시 주주환원 정책 및 재무적 가용 재원에 미치는 영향 분석"", ""장기화된 노사 갈등이 생산 안정성 및 대외 신뢰도에 미치는 리스크 관리 방안 검토""]",https://news.bizwatch.co.kr/article/healthcare/2026/09/15/0014,"Fri, 25 Sep 2026 09:30:00 +0900",2026-09-26T10:48:02.489754+09:00
노동법·정책·판례,판례,[09/25],성지건설 삼킨 '기업사냥꾼' 변호사…회삿돈 빼돌리고 52억 임금 체불,"• 성지건설 대표이사가 회사 자금을 법무법인 등으로 조직적으로 유출하고 경영권을 사익 추구 수단으로 활용함에 따라 근로자 63명의 임금 및 퇴직금 52억 원이 체불됨.
• 검찰은 해당 대표이사와 회장을 근로기준법 및 근로자퇴직급여보장법 위반 혐의로 불구속 기소하였으며, 방만한 경영으로 인한 대규모 임금 체불 사실을 확인함.","[""경영진의 자금 집행 과정에서 회사 자산이 부당하게 유출되거나 임금 지급 재원이 고갈될 위험 요소가 있는지 재무적 리스크 점검"", ""임금 체불 발생 시 근로기준법 및 근로자퇴직급여보장법 위반에 따른 경영진의 법적 책임 범위와 고용노동부의 수사 절차 숙지""]",https://www.thepublic.kr/news/articleView.html?idxno=320055,"Fri, 25 Sep 2026 09:02:00 +0900",2026-09-26T10:48:02.489754+09:00
오늘의 스마일게이트,,[09/25],"스토브, 추석·한글날 맞아 '2026 폴 인 홀리데이' 진행","• 스토브가 추석과 한글날을 맞아 500여 종의 게임을 최대 95% 할인하는 '2026 폴 인 홀리데이' 프로모션을 진행합니다.
• 한글날 기념 순우리말 번역 공모전 개최 및 도쿄게임쇼에서 발표한 '사이코 슬루스' 퍼블리싱 등 한글화 서비스 확대에 집중하고 있습니다.","[""할인 프로모션 및 순우리말 공모전을 통한 스토브 플랫폼 내 이용자 활성화 및 스토브페이 신규 유입 성과"", ""11월 출시 예정인 '사이코 슬루스'를 포함한 해외 게임의 국내 퍼블리싱 및 한글화 지원 전략의 시장 반응""]",https://www.fetv.co.kr/news/articleView.html?idxno=310804,"Fri, 25 Sep 2026 09:00:00 +0900",2026-09-26T10:48:02.489754+09:00
노동법·정책·판례,노동정책,[09/25],[전문가 칼럼] 2026년 하반기 달라지는 노동관계법령 점검,"• 2026년 하반기부터 휴게시간 면제 신청제 도입, 육아휴직 분할 및 배우자 출산전후휴가 확대 등 일·가정 양립 관련 제도가 강화됩니다.
• 임금 및 퇴직급여 체불에 대한 형사처벌 수위가 상향되고, 산재 근로자를 위한 공인노무사 무료 조력(국선대리인) 제도가 신설됩니다.","[""휴게시간 면제 신청서 양식 마련 및 육아지원제도 변경사항에 따른 취업규칙·인사관리 시스템 정비"", ""임금 체불 리스크 방지를 위한 임금대장·근로시간 기록 점검 및 산재 대응을 위한 재해경위 객관적 자료 확보""]",https://www.tfmedia.co.kr/news/article.html?no=207409,"Fri, 25 Sep 2026 08:32:00 +0900",2026-09-25T10:43:17.702277+09:00
채용·인력운영,채용,[09/25],"보스턴다이내믹스, 美 전역군인 채용 확대…국방부 '스킬브리지' 합류","• 보스턴다이내믹스가 미 국방부 전역 장병 취업 지원 프로그램인 '스킬브리지(SkillBridge)'의 공식 파트너로 합류함.
• 전역 예정자를 대상으로 현장 애플리케이션 및 서비스 직군 인턴십과 직무교육을 제공하여 숙련된 기술 인력을 선제적으로 확보할 계획임.","[""당사 채용 직무 중 군 복무 경험(장비 운용 및 현장 대응)을 즉시 활용 가능한 직무가 있는지 검토"", ""전역 예정자 대상 인턴십 또는 직무 전환 교육 프로그램 도입을 위한 국내 유관 기관 협력 가능성 확인""]",https://www.theguru.co.kr/news/article.html?no=107543,"Fri, 25 Sep 2026 07:52:00 +0900",2026-09-25T10:43:17.702277+09:00
채용·인력운영,채용,[09/25],유무인 복합전투 시대 성큼···방산업계 인재상도 'AI·SW'로,"• 방산업계가 유·무인 복합전투체계 개발 확대에 따라 기존 기계·전자 중심에서 AI·SW 융합형 인재 확보로 채용 전략을 전환하고 있음
• 주요 방산기업들은 공개채용 시 AI·SW 직무 비중을 확대하고, 대학 경진대회 후원 및 채용 연계 프로그램을 통해 미래 기술 인재를 조기에 발굴하고 있음","[""자사 채용 프로세스 내 AI·SW 직무 역량 검증을 위한 코딩테스트 및 기술 평가 도입 여부 검토"", ""미래 기술 인재 확보를 위한 산학협력 프로그램 및 채용 연계형 경진대회 활용 가능성 점검""]",https://www.newsway.co.kr/news/view?ud=2026092215345037128,"Fri, 25 Sep 2026 07:02:00 +0900",2026-09-25T10:43:17.702277+09:00
채용·인력운영,인력변화,[09/24],몸집 줄이는 LG헬로비전…LG유플러스 합병 수순 밟나,"• LG헬로비전이 2024년부터 매년 실시해 온 희망퇴직을 올해 추석을 앞두고 다시 단행하며 인력 규모를 축소하고 있음.
• 모기업 LG유플러스의 사업 재편 과정에서 자회사의 성장 동력 약화와 고용 불안이 지속되면서 노조의 합병 요구 및 내부 갈등이 심화됨.","[""반복적인 구조조정 시 발생할 수 있는 고용 안정성 관련 노사 리스크 및 단체협약 준수 여부 점검"", ""조직 개편 및 인력 감축 과정에서 발생할 수 있는 핵심 인력 이탈 방지 및 잔류 인력의 동기부여 방안 검토""]",http://www.metroseoul.co.kr/article/20260924500063,"Thu, 24 Sep 2026 17:42:00 +0900",2026-09-25T10:43:17.702277+09:00
노동법·정책·판례,판례,[09/24],"[노동] ""스토킹 신고 당한 철도공사 직원 근무지 변경 적법""","• 스토킹 신고가 접수된 경우, 최종적인 행위 인정 여부와 관계없이 피해자 보호를 위한 잠정적 근무지 변경 및 배치 전환은 적법함.
• 법원은 스토킹방지법 및 사내 예방 지침에 근거하여, 피해자 보호 필요성이 인정된다면 징계 전이라도 분리 조치를 시행하는 것은 업무상 필요성이 충분하다고 판단함.","[""사내 스토킹 예방 및 피해자 보호 지침이 스토킹방지법 제6조에 따라 징계 전 잠정적 보호조치(근무지 변경 등)를 명시하고 있는지 점검"", ""스토킹 신고 접수 시 피해자 보호를 위한 분리 조치 프로세스가 피해자의 의사와 보호 필요성을 충분히 고려하여 설계되어 있는지 확인""]",http://www.legaltimes.co.kr/news/articleView.html?idxno=95022,"Thu, 24 Sep 2026 16:50:00 +0900",2026-09-25T10:43:17.702277+09:00
오늘의 스마일게이트,,[09/24],"스마일게이트, MMORPG '이클립스'서 '한가위 만월제' 등 추석 기념 이벤트 4종 진행","• 스마일게이트가 신작 MMORPG '이클립스: 더 웨이크닝'의 추석 맞이 이벤트 4종(한가위 만월제, 성물 증축, 이클립스 타임, 접속 보상)을 실시함.
• 이벤트 기간 내 몬스터 사냥 및 접속을 통해 소환권, 성장 재료, 클레온 결정 등 게임 내 성장을 돕는 다양한 보상을 제공하여 이용자 활성화를 도모함.","[""추석 연휴 기간 이벤트 진행을 통한 신작 '이클립스'의 일일 활성 이용자(DAU) 및 리텐션 지표 변화 추이"", ""이벤트 보상으로 제공되는 재화 및 성장 아이템이 게임 내 경제 밸런스에 미치는 영향""]",https://gamefocus.co.kr/detail.php?number=179419,"Thu, 24 Sep 2026 12:56:00 +0900",2026-09-25T10:43:17.702277+09:00
노동법·정책·판례,노동정책,[09/24],2026년 9월 28일 임시공휴일 지정 불발...대체공휴일과 차이점은?,"• 2026년 9월 28일은 대체공휴일 요건에 해당하지 않으며, 정부의 임시공휴일 지정도 불발되어 정상 근무일로 확정됨.
• 대체공휴일은 법령상 요건 충족 시 자동 적용되나, 임시공휴일은 정부의 정책적 판단에 따라 수시 지정되는 일회성 휴일임.","[""상시 근로자 5인 이상 사업장의 경우, 9월 28일이 정상 근무일임을 사내 공지 및 근태 관리 시스템에 반영"", ""대체공휴일이 적용되는 10월 5일(개천절 대체공휴일)에 대한 유급휴일 부여 및 휴일근로 시 가산수당 지급 여부 점검""]",https://www.wikitree.co.kr/articles/1161815,"Thu, 24 Sep 2026 11:44:00 +0900",2026-09-25T10:43:17.702277+09:00
보상·노사관계,노사관계,[09/24],"조선소 일감 쌓였는데…삼성重만 임협 타결, HD현대·한화 파업 장기화","• 삼성중공업은 기본급 5.2% 인상 및 성과급 산정 기준을 EVA 20%에서 영업이익 10%로 변경하는 내용으로 임금협상을 타결함.
• HD현대중공업과 한화오션은 임금 인상안 및 성과급 기준을 둘러싼 노사 갈등으로 파업이 장기화하며 생산 차질 및 납기 지연 우려가 커지고 있음.","[""자사 성과급 산정 기준이 영업이익 등 실질적 지표와 연동되어 있는지 점검하고 노사 간 합의 가능성 검토"", ""생산 현장 파업 장기화 시 발생할 수 있는 납기 지연 및 지체보상금 등 리스크에 대한 대응 매뉴얼 확인""]",https://magazine.hankyung.com/business/article/202609244901b,"Thu, 24 Sep 2026 10:28:00 +0900",2026-09-25T10:43:17.702277+09:00
보상·노사관계,보상·임금,[09/24],"삼성, 반도체 성과급 세부 기준 이달 말 공개","• 삼성전자 DS부문, 특별경영성과급 산정 기준(재원 40% 균등, 60% 차등) 및 자사주 지급·매각 제한 가이드라인 이달 말 공지 예정
• 임직원 자율 기부 시 회사도 동일 금액을 출연하는 '매칭 그랜트' 방식의 노사 공동 사회공헌 및 사무용 의자 교체 등 복지 강화 추진","[""자사주 형태의 성과급 지급 시 발생할 수 있는 세무 처리 및 매각 제한 장치 관련 내부 규정 검토"", ""임직원 사기 진작을 위한 복지 제도 도입 시 노사 합의 절차 및 매칭 그랜트 방식의 기부금 운영 체계 점검""]",https://www.kfenews.co.kr/news/articleView.html?idxno=665258,"Thu, 24 Sep 2026 09:50:00 +0900",2026-09-25T10:43:17.702277+09:00
채용·인력운영,인력변화,[09/24],"[CEO&뉴스] ""통합 이후 10년 대비""···조원태 회장, 60조 기단 투자 승부수 - 서울파이낸스","• 대한항공이 보잉 항공기 103대 도입 및 엔진 정비 서비스 계약 등 60조원 규모의 대규모 기단 투자 본계약을 체결함.
• 통합 항공사 출범에 대비한 기재 현대화 및 노선 재편을 추진하며, 향후 조직 통합과 인력 재배치 등 화학적 결합이 본격화될 예정임.","[""통합 항공사 출범에 따른 중복 노선 조정 및 인력 재배치 계획 확인"", ""기단 현대화 및 운영 효율화 과정에서의 직무 재설계 및 교육 훈련 수요 점검""]",https://www.seoulfn.com/news/articleView.html?idxno=638438,"Thu, 24 Sep 2026 09:30:00 +0900",2026-09-25T10:43:17.702277+09:00
오늘의 스마일게이트,,[09/24],"'카제나' 최승현 신임 PD ""전투원 가치 보존…불가피한 경우 외 하향 조...","• 스마일게이트 '카오스 제로 나이트메어'의 최승현 신임 PD가 이용자가 육성한 전투원의 가치 보존을 핵심 운영 원칙으로 발표함.
• 버그 수정 등 불가피한 상황을 제외하고는 캐릭터 하향 조정을 지양하여 안정적인 라이브 서비스를 제공할 계획임.","[""게임 관점: 캐릭터 가치 보존 정책이 실제 라이브 서비스에서 이용자 만족도와 리텐션에 미치는 영향"", ""사업 관점: 향후 업데이트 및 밸런스 조정 시 해당 운영 원칙이 어떻게 구체적으로 적용되는지 여부""]",https://www.ddaily.co.kr/page/view/2026092321271955606,"Thu, 24 Sep 2026 08:45:00 +0900",2026-09-24T10:35:25.677076+09:00
HR 제도·조직운영,휴가·휴직,[09/24],육아기 근로시간 단축 초6·3년으로… 2시간 줄여도 62만5000원,"• 육아기 근로시간 단축 대상 자녀 연령이 만 12세(초6) 이하로 확대되고, 미사용 육아휴직 기간을 가산하여 최대 3년까지 단축근무 사용이 가능해짐.
• 급여 지원 상한액이 월 250만 원으로 인상되었으며, 주당 최초 10시간 단축분에 대해 통상임금의 100%를 보전하여 임금 손실을 최소화함.","[""사내 취업규칙 및 육아기 근로시간 단축 관련 내부 규정의 대상 연령 및 기간 변경 반영 여부 확인"", ""단축근무 신청 시 30일 전 서면 신청 절차 준수 및 고용보험 피보험 단위기간 180일 이상 요건 확인""]",https://www.imaeil.com/page/view/2026092219085943456,"Thu, 24 Sep 2026 07:37:00 +0900",2026-09-24T10:35:25.677076+09:00
노동법·정책·판례,노동법,[09/23],노동자들 속 타는데…변호사 출신 대표는 '시간 끌기',"• 성지건설 대표가 근로기준법의 합리성을 부정하며 임금체불 문제 해결을 지연시키는 사례가 발생함.
• 변호사 출신 경영진이 법적 지식을 활용해 근로감독 과정에서 시간을 끄는 등 임금 지급을 회피하는 행태가 지적됨.","[""임금체불 발생 시 근로감독관 조사 대응 절차 및 법적 리스크 점검"", ""임금 지급 지연 방지를 위한 급여 관리 시스템 및 자금 운용 계획 재확인""]",https://news.jtbc.co.kr/article/NB12319814?influxDiv=NAVER,"Wed, 23 Sep 2026 20:34:00 +0900",2026-09-24T10:35:25.677076+09:00
오늘의 스마일게이트,,[09/23],"스마일게이트 희망스튜디오, 게임 접목한 기부 플랫폼 선봬","• 희망스튜디오가 ‘제3회 대한민국 사회적가치 페스타’에서 게임 요소를 기부에 접목한 ‘기부의 게임화(Gamifying Giving)’ 플랫폼과 로스트아크 IP 활용 소셜 게임 2종을 선보임.
• 게임 내 미션 수행을 통해 사회문제를 간접 체험하게 하고, 다음 달 16일까지 진행되는 ‘FUNding’ 캠페인을 통해 취약계층 아동·청소년 대상 디지털 기기 지원 모금을 이어갈 예정임.","[""게임 IP를 활용한 사회공헌 모델이 기업·비영리단체와의 협업 범위 확대 및 신규 파트너십 구축에 미치는 영향"", ""‘기부의 게임화’ 플랫폼을 통한 일반 이용자의 참여도와 향후 지속 가능한 사회적 가치 창출 사업으로의 확장 가능성""]",http://www.sisacast.kr/news/articleView.html?idxno=100420,"Wed, 23 Sep 2026 18:14:00 +0900",2026-09-24T10:35:25.677076+09:00
보상·노사관계,노사관계,[09/23],'성과급 어떻게 나누나'…최승호 위원장 국감 증인으로,"• 삼성전자 노조위원장이 국정감사 증인으로 출석해 성과급 산정 방식의 투명성과 형평성 문제를 제기할 예정임.
• DS부문 성과에 부합하는 보상 체계 마련과 노사관계 현안이 주요 쟁점으로 다뤄질 전망임.","[""사내 성과급 산정 기준 및 배분 방식의 투명성 점검"", ""부문별 성과급 격차에 따른 내부 형평성 이슈 및 노사 간 합의 내용 재검토""]",https://www.mdtoday.co.kr/news/articleView.html?idxno=616300,"Wed, 23 Sep 2026 17:22:00 +0900",2026-09-24T10:35:25.677076+09:00
보상·노사관계,노사관계,[09/23],'제페토' 운영사 네이버제트 노동자들 파업,"• 네이버제트 노조가 임금 인상(5.3% 요구)을 촉구하며 창사 이래 첫 하루 파업을 단행함.
• 사측의 임금 동결 방침에 맞서 노조는 10월 중 5일간의 추가 파업을 예고하며 경영진의 책임 있는 대책 마련을 요구함.","[""임금 교섭 결렬 시 쟁의행위 절차(조정 중지, 찬반투표 등) 준수 여부 점검"", ""경영 악화 시 임금 동결 등 보상 정책 변경에 따른 노사 소통 및 설명 프로세스 재검토""]",https://www.laborplus.co.kr/news/articleView.html?idxno=41550,"Wed, 23 Sep 2026 16:10:00 +0900",2026-09-24T10:35:25.677076+09:00
보상·노사관계,노사관계,[09/23],성과급부터 투자 결정까지… 노사 교섭과 경영판단의 경계 구체화,"• 기업이익과 일정 비율로 연동하는 방식의 경영성과급 요구는 노동조합법상 의무적 교섭대상 및 쟁의행위 대상에서 제외됨.
• 기업투자, 사업 매각, 신기술 도입 등 사업경영상의 결정 자체는 교섭대상이 아니나, 그로 인해 근로조건 변동이 객관적으로 예상되는 경우 관련 인력운영계획 등은 교섭대상이 될 수 있음.","[""현재 노사 간 논의 중인 경영성과급 산정 방식이 기업이익 연동형인지 확인하고, 의무적 교섭대상 여부 재검토"", ""사업경영상의 결정(투자, 매각 등) 시 수반되는 인력운영계획이 근로조건 변동을 유발하는지 판단하여 교섭 범위 설정""]",https://www.ilyoseoul.co.kr/news/articleView.html?idxno=522916,"Wed, 23 Sep 2026 15:20:00 +0900",2026-09-24T10:35:25.677076+09:00
오늘의 스마일게이트,,[09/23],"흥행 질주 '이클립스', 개발자 라이브로 소통 이어가…""이용자 목소리 반영""","• 스마일게이트가 서비스하는 MMORPG '이클립스: 더 어웨이크닝'이 양대 앱 마켓 매출 1위를 석권하며 장기 흥행 체제를 구축함.
• 개발사 엔픽셀과 협력해 라이브 방송을 진행하고, 근거리 클래스 밸런스 조정 및 서버 최적화 등 이용자 피드백을 반영한 업데이트를 신속히 시행함.","[""스토브(STOVE) 플랫폼을 통한 PC 버전 서비스의 안정적인 운영 및 이용자 트래픽 관리 현황"", ""9월 30일 도입 예정인 신규 파티 던전 '협력전' 등 콘텐츠 업데이트 이후의 매출 유지력 및 이용자 지표 변화""]",https://www.apnews.kr/news/articleView.html?idxno=3051484,"Wed, 23 Sep 2026 15:10:00 +0900",2026-09-24T10:35:25.677076+09:00
